Annex Name: Annex E,,,,,,,,,,,,,,
Annex Title: Health Effects - Clinical Signs and Symptoms or Conditions,,,,,,,,,,,,,,
Release Number: 2024,,,,,,,,,,,,,,
"Annex Description:
Terms/codes for describing the clinical signs and symptoms or conditions of the affected person appearing as a result of the medical device adverse event/incident.

The MedDRA® trademark is registered by ICH. This information/material is provided ""as is"" without warranty of any kind. In no event shall the ICH or the authors of the original information/material be liable for any claim, damages or other liability arising from or in connection with the use of this information/material.",,,,,,,,,,,,,,
"Annex Instructions:
These terms allow capturing of the patient signs and symptoms observed related to the medical device adverse event through observational language without using diagnostic specifics. These terms are largely based on a subset of MedDRA terms. This annex is organized along organ systems as well as physiological problems. The Level 1 term is mainly for organizational purposes and is expected to be too high level for coding purposes. IMDRF Terms and Definitions use American spelling.",,,,,,,,,,,,,,
Annex Approval Date: 18 January 2024,,,,,,,,,,,,,,
,,,,,,,,,,,,,,
Level 1 Term,Level 2 Term,Level 3 Term,FDA Code,NCIt Code,IMDRF Code,Definition,Non-IMDRF Code,Primary Category,Secondary Category,Status,Status Description,CodeHierarchy,,
Nervous System,,,,,E01,Nervous System,,,,Not selectable,Please use more detailed term within the hierarchy,E01,,
,Balance Problems,,4401,C122435,E0101,"A feeling of falling down which can occur whether the person is standing, sitting or lying down.",MedDRA:10049848:Balance disorder,,,,,E01|E0101,,
,Brain Injury,,2219,C50440,E0102,Damage to the brain.,MedDRA:10060690:Traumatic brain injury,Nervous System,Injury,,,E01|E0102,,
,,Encephalocele,4402,C84687,E010201,Hernia of brain substance and meninges through a congenital or traumatic opening of the skull.,MedDRA:10014617:Encephalocele,Nervous System,Injury,,,E01|E0102|E010201,,
,Cerebral Edema,,4403,C4909,E0103,A swelling in the brain caused by the presence of excessive fluid.,MedDRA:10008107:Cerebral edema,Nervous System,Generalized Disorders,,,E01|E0103,,
,Cerebral Hyperperfusion Syndrome,,4404,C171953,E0104,Unexpected increase in cerebral blood flow after carotid endarterectomy (CEA) or carotid artery stenting (CAS).,MedDRA:10064730:Cerebral hyperperfusion syndrome,Nervous System,Vascular System,,,E01|E0104,,
,Cerebral Ventriculomegaly,,2133,C50803,E0105,Abnormal enlargement of the cerebral ventricles.,MedDRA:10068352:Cerebral ventriculomegaly,,,,Term was modified on 21 January 2021 (old term: Cerebral Ventriculomeglia).,E01|E0105,,
,Cerebrospinal Fluid Leakage,,1772,C50487,E0106,The loss of cerebrospinal fluid into the surrounding tissues or outside the body.,MedDRA:10008164:Cerebrospinal fluid leakage,,,Modified (technical),Definition modified for Release Number 2024. See no. 6 of Change Log,E01|E0106,,
,Cognitive Changes,,2551,C50457,E0107,"Changes in perception, thinking, or remembering.",MedDRA:10057668:Cognitive disorder,,,,,E01|E0107,,
,,Confusion/ Disorientation,2553,C37928,E010701,A mental state characterized by a lack of clear and orderly thought and behavior.,MedDRA:10010300:Confusion,,,,,E01|E0107|E010701,,
,,Dementia,4405,C4786,E010702,Loss of intellectual abilities interfering with an individual's social and occupational functions.,MedDRA:10012267:Dementia,,,,,E01|E0107|E010702,,
,Concussion,,2192,C50502,E0108,Traumatic brain injury as a result of the action of a mechanical force on the head.,MedDRA:10010254:Concussion,Nervous System,Injury,,,E01|E0108,,
,Convulsion/Seizure,,4406,C2962,E0109,"Sudden, involuntary skeletal muscular contractions of cerebral or brain stem origin.",MedDRA:10010904:Convulsion,,,,,E01|E0109,,
,,"Convulsion, Clonic",2222,C50496,E010901,A convulsion marked by alternating contracting and relaxing of the muscles.,MedDRA:10053398:Clonic convulsion,,,,,E01|E0109|E010901,,
,,"Convulsion, Tonic",2223,C50776,E010902,A convulsion marked by prolonged contraction of the muscles.,MedDRA:10043994:Tonic convulsion,,,,,E01|E0109|E010902,,
,,Epilepsy,4407,C3020,E010903,Epilepsy caused or apparently caused by device. Do not use when epilepsy is a pre-existing condition.,MedDRA:10015037:Epilepsy,,,,,E01|E0109|E010903,,
,,Status Epilepticus,4408,C85079,E010904,A life-threatening condition characterised by a single prolonged seizure or a series of seizures without intervening full recovery of consciousness.,MedDRA:10041962:Status epilepticus,,,,Editorial change to the definition on 16 February 2021.,E01|E0109|E010904,,
,Decreased Sensitivity,,2683,C73504,E0110,Lower capacity to notice through one or more senses.,MedDRA:10071552:Hyporesponsive to stimuli,,,,,E01|E0110,,
,Increased Sensitivity,,4538,C73503,E0111,Higher capacity to notice through one or more senses.,MedDRA:10082489:Hyperresponsive to stimuli,,,,,E01|E0111,,
,Dizziness,,2194,C37943,E0112,"A sensation of lightheadedness, unsteadiness, turning, spinning or rocking.",MedDRA:10013573:Dizziness,,,,,E01|E0112,,
,Dysphasia,,2195,C35546,E0113,"Impairment of verbal communication skills, often resulting from brain damage.",MedDRA:10013951:Dysphasia,,,,,E01|E0113,,
,,Aphonia,4409,C79539,E011301,Inability to speak.,MedDRA:10002953:Aphonia,,,,,E01|E0113|E011301,,
,Encephalitis,,2429,C26760,E0114,An acute inflammatory process affecting the brain parenchyma.,MedDRA:10014581:Encephalitis,Nervous System,Infections,,,E01|E0114,,
,Encephalopathy,,1833,C26920,E0115,A functional and/or structural disorder of the brain that is acquired or congenital and characterised by mental and neurological symptoms.,MedDRA:10014625:Encephalopathy,,,,Editorial change to the definition on 16 February 2021.,E01|E0115,,
,Headache,,1880,C34661,E0116,"Pain in various parts of the head, not confined to the area of distribution of any nerve.",MedDRA:10019211:Headache,Nervous System,Generalized Disorders,,,E01|E0116,,
,Hydrocephalus,,3272,C3111,E0117,A disorder characterized by an abnormal increase of cerebrospinal fluid in the ventricles of the brain.,MedDRA:10020508:Hydrocephalus,,,,,E01|E0117,,
,Intracranial Hemorrhage,,1891,C50438,E0118,Bleeding within the cranium.,MedDRA:10022763:Intracranial hemorrhage,,,,,E01|E0118,,
,Loss of consciousness,,2418,C50635,E0119,A level of awareness that can be described as consistently not responsive to stimuli.,MedDRA:10024855:Loss of consciousness,,,,,E01|E0119,,
,,Coma,2417,C34497,E011901,A state of profound unconsciousness associated with markedly depressed cerebral activity.,MedDRA:10010071:Coma,,,,,E01|E0119|E011901,,
,,Presyncope,4410,C80100,E011902,Extremely weak; threatened with syncope.,MedDRA:10036653:Presyncope,,,,,E01|E0119|E011902,,
,,Syncope/Fainting,4411,C35053,E011903,"A spontaneous, transient, loss of consciousness caused by insufficient blood supply to the brain.",MedDRA:10042772:Syncope,,,,,E01|E0119|E011903,,
,Memory Loss/Impairment,,1958,C2867,E0120,"Systematic and extensive loss or impairment of memory caused by organic or psychological factors. This may be temporary or permanent, and may involve old or recent memories.",MedDRA:10027176:Memory loss,,,,,E01|E0120,,
,Meningitis,,2389,C26828,E0121,A disorder characterized by acute inflammation of the meninges of the brain and/or spinal cord.,MedDRA:10027199:Meningitis,Nervous System,Infections,,,E01|E0121,,
,Movement Disorder,,4412,C116757,E0122,"Neurological conditions resulting in abnormal voluntary or involuntary movement, which may impact the speed, fluency, quality and ease of movement.",MedDRA:10028035:Movement disorder,,,,,E01|E0122,,
,,Dyskinesia,2363,C50539,E012201,"Difficulty moving; distortion or impairment of voluntary movement, as in tic, spasm, or myoclonus.",MedDRA:10013916:Dyskinesia,,,,,E01|E0122|E012201,,
,,Paralysis,1997,C3310,E012202,Partial or complete loss of function of one or more muscles. It is usually caused by damage to the nervous system.,MedDRA:10033799:Paralysis,,,,,E01|E0122|E012202,,
,,Paraplegia,2448,C50687,E012203,Paralysis of the legs and lower part of the body.,MedDRA:10033892:Paraplegia,,,,,E01|E0122|E012203,,
,,Paresis,1998,C50688,E012204,A slight or incomplete paralysis.,MedDRA:10033985:Paresis,,,,,E01|E0122|E012204,,
,,Quadriplegia,2449,C50721,E012205,Paralysis of all four limbs.,MedDRA:10037714:Quadriplegia,,,,,E01|E0122|E012205,,
,,Shaking/Tremors,2515,C38038,E012206,"The shaking movement of the whole body or just a certain part of it, often caused by problems of the neurons responsible for muscle action.",MedDRA:10040528:Shaking,,,,,E01|E0122|E012206,,
,,Twitching,2172,C50785,E012207,The occurrence of a single contraction or a series of contractions of a muscle.,MedDRA:10045198:Twitching,,,,,E01|E0122|E012207,,
,,Restless Legs Syndrome,4584,C84501,E012208,A condition that is characterized by an irresistible urgency to move the legs to obtain relief from a strange and uncomfortable sensation in the legs.,MedDRA:10058920:Restless legs syndrome,,,,"Term was added on 27 January 2022. For details, see comment No. 85 of the Change Log (Release Number 2022).",E01|E0122|E012208,,
,,Facial Paralysis,4585,C26769,E012209,A partial or complete loss of function of one or more of the facial muscles resulting in paralysis of the facial regions. Includes both central and peripheral facial paralysis or palsy.,MedDRA:10016062:Facial paralysis,,,,"Term was added on 27 January 2022. For details, see comment No. 242 / 243 / 244 / 245 of the Change Log (Release Number 2022).",E01|E0122|E012209,,
,Nerve Damage,,1979,C50669,E0123,Injury to nervous tissue.,MedDRA:10029177:Nerve damage,Nervous System,Injury,,,E01|E0123,,
,,Optical Nerve Damage,1986,C50849,E012301,Injury to optical nerve.,MedDRA:10030938:Optic nerve injury,Nervous System,Injury,,,E01|E0123|E012301,,
,Nervous System Injury,,2689,C4974,E0124,Injury to the central or peripheral nervous system.,MedDRA:10080898:Nervous system injury,Nervous System,Injury,,,E01|E0124,,
,,Spinal Cord Injury,2432,C50750,E012401,Traumatic damage of the spinal cord.,MedDRA:10041552:Spinal cord injury,Nervous System,Injury,,,E01|E0124|E012401,,
,Neuralgia,,4413,C79695,E0125,Intense painful sensation along a nerve or group of nerves.,MedDRA:10029223:Neuralgia,,,,,E01|E0125,,
,Neuropathy,,1983,C4731,E0126,"A disorder affecting the cranial nerves or the peripheral nervous system. It manifests with pain, tingling, numbness, and muscle weakness.",MedDRA:10029328:Neuropathy,,,,,E01|E0126,,
,Numbness,,2415,C34857,E0127,The loss of the sensation of feeling in an area of the body.,MedDRA:10029829:Numbness,,,,,E01|E0127,,
,Peripheral Nervous Injury,,4414,C101250,E0128,Injury to the peripheral nervous system.,MedDRA:10034586:Peripheral nerve injury,Nervous System,Injury,,,E01|E0128,,
,Sensitivity of Teeth,,2427,C50778,E0129,"Pain or discomfort caused by exposure of the dentin layer of tooth to thermal, tactile, or other stimuli.",MedDRA:10040012:Sensitivity of teeth,,,,,E01|E0129,,
,Sleep Dysfunction,,2517,C3376,E0130,"A change from the patient's baseline sleeping pattern, in the hours slept and/or an alteration/dysfunction in the stages of sleep.",MedDRA:10040984:Sleep disorder,,,,,E01|E0130,,
,Speech Disorder,,4415,C5041,E0131,"A term referring to disorders characterized by the disruption of normal speech. It includes stuttering, lisps, dysarthria and voice disorders.",MedDRA:10041466:Speech disorder,,,,,E01|E0131,,
,Spinal Arachnoiditis,,4416,C50749,E0132,"A chronic adhesive arachnoiditis in the spinal arachnoid, with root and spinal cord symptoms similar to those caused by pressure from a tumor.",MedDRA:10068160:Spinal arachnoiditis,,,,,E01|E0132,,
,Stroke/CVA,,1770,C3390,E0133,A sudden loss of neurological function secondary to hemorrhage or ischemia in the brain parenchyma due to a vascular event.,MedDRA:10042244:Stroke,,,,,E01|E0133,,
,,Hemorrhagic Stroke,4417,C95803,E013301,An acute neurological deficit caused by bleeding within the brain or between the brain and the skull.,MedDRA:10048863:Hemorrhagic stroke,,,,,E01|E0133|E013301,,
,,Ischemia Stroke,4418,C95802,E013302,"An ischemic condition of the brain, producing a persistent focal neurological deficit in the area of distribution of the cerebral arteries.",MedDRA:10055221:Ischemic stroke,,,,,E01|E0133|E013302,,
,Tactile Disorders,,4419,C172036,E0134,conditions characterized by an alteration in the ability to or perception of touch.,MedDRA:10062872:Dysesthesia,,,,,E01|E0134,,
,,Hyperesthesia,4420,C116376,E013401,Increased sensitivity to tactile stimulation.,MedDRA:10020622:Hyperesthesia,,,,,E01|E0134|E013401,,
,,Hypoesthesia,2352,C50445,E013402,Impairment of tactile sensitivity manifesting as partial loss of sensitivity to sensory stimuli.,MedDRA:10020976:Hypoesthesia,,,,,E01|E0134|E013402,,
,,Paresthesia,4421,C28177,E013403,"Abnormal touch sensations, such as burning or prickling, that occur without an outside stimulus.",MedDRA:10033987:Paresthesia,,,,,E01|E0134|E013403,,
,Taste Disorder,,4422,C172037,E0135,Conditions characterized by an alteration in taste function or perception,MedDRA:10082490:Taste disorder,,,,Editorial change to the definition on 16 February 2021.,E01|E0135,,
,,Ageusia,4423,C116374,E013501,Inability to taste.,MedDRA:10001480:Ageusia,,,,,E01|E0135|E013501,,
,,Dysgeusia,4424,C28145,E013502,Distortion of taste.,MedDRA:10013911:Dysgeusia,,,,,E01|E0135|E013502,,
,Tics/Tremor,,4425,C116725,E0136,"An involuntary, compulsive, repetitive stereotyped movement.",MedDRA:10066770:Motor tic,,,,,E01|E0136,,
,Transient Ischemic Attack,,2109,C50781,E0137,"A brief attack (from a few minutes to an hour) of cerebral dysfunction of vascular origin, with no persistent neurological deficit.",MedDRA:10072760:Transient ischemic attack,,,,,E01|E0137,,
,Undesired Nerve Stimulation,,1980,C50787,E0138,Unintended reaction in nerve system caused by electrical stimulation.,MedDRA:10068145:Undesired device stimulation of nerve,,,,,E01|E0138,,
,Unspecified Nervous System Problem,,4426,C26835,E0139,"The report describes a non-specific problem with the nervous system. Note: Please use ""Appropriate Term / Code Not Available"" if the report describes a specific injury but the relevant term does not exist.",,,,,Term was added on 18 March 2020 for cases where the category of a health effect was reported but with no further details.,E01|E0139,,
,Intracranial Pressure Increased,,4586,C187268,E0140,Pressure within the craniospinal compartment is increased.,MedDRA:10022773:Intracranial pressure increased,,,,"Term was added on 27 January 2022. For details, see comment No. 86 of the Change Log (Release Number 2022).",E01|E0140,,
,Pneumocephalus,,4587,C127829,E0141,The presence of air or gas within the cranial cavity.,MedDRA:10048736:Pneumocephalus,,,,"Term was added on 27 January 2022. For details, see comment No. 212 of the Change Log (Release Number 2022).",E01|E0141,,
,Idiopathic Intracranial Hypertension,,4588,C85035,E0142,"A condition that mimics the presence of a tumour (Pseudotumour Cerebri) or hydrocephalus, caused by chronic  increase in intracranial pressure.",MedDRA:10078904:Idiopathic intracranial hypertension,,,,"Term was added on 27 January 2022. For details, see comment No. 219 of the Change Log (Release Number 2022).",E01|E0142,,
,Altered State of Consciousness,,4589,C121627,E0143,A level of awareness and arousal other than normal.,MedDRA:10001854:Altered state of consciousness,,,,"Term was added on 27 January 2022. For details, see comment No. 77 of the Change Log (Release Number 2022).",E01|E0143,,
,,Increased Level of Consciousness,4590,C187270,E014301,A neurological state characterised by increased ability to perceive and respond.,MedDRA:10021683:Increased state of alertness,,,,"Term was added on 27 January 2022. For details, see comment No. 77 of the Change Log (Release Number 2022).",E01|E0143|E014301,,
,,Decreased Level  of Consciousness,4591,C78253,E014302,A neurological state characterised by decreased ability to perceive and respond.,MedDRA:10012373:Depressed level of consciousness,,,,"Term was added on 27 January 2022. For details, see comment No. 77 of the Change Log (Release Number 2022).",E01|E0143|E014302,,
,Dural Tear,,1417,C206558,E0144,"Injury to the dura mater, with or without damage to any other layer of the meninges.",MedDRA:10063395:Dural Tear,Nervous System,Procedural Complications,New,Term added for Release Number 2024. See no. 22 of Change Log,E01|E0144,,
,Acoustic Shock,,1693,C50452,E0901,Neurophysiological and psychological symptoms caused by sudden and unexpected loud noise.,MedDRA:10068150:Acoustic shock,Ear and Labyrinth,Nervous System,,,E01|E0901,,
,Tinnitus,,2103,C50772,E0904,"A noise in the ears, such as ringing, buzzing, roaring or clicking in the absence of auditory stimulation.",MedDRA:10043882:Tinnitus,Ear and Labyrinth,Nervous System,,,E01|E0904,,
,Perinatal Brain Injury,,1852,C73501,E1513,Injury to the brain of a newborn infant occurring around the time of birth.,MedDRA:10056392:Perinatal brain damage,"Pregnancy, Childbirth and the Puerperium",Nervous System,,,E01|E1513,,
,Muscle Weakness/Atrophy,,1967,C187271,E1621,A reduction in the strength and/or mass of one or more muscles.,MedDRA:10028350:Muscle weakness,Musculoskeletal System,Nervous System,,"Term/Definition was modified on 27 January 2022 (Old term/definition: Muscle Weakness: A reduction in the strength of one or more muscles.) For details, see comment No. 120 of the Change Log (Release Number 2022).",E01|E1621,,
,Complex regional pain syndrome,,4899,C206547,E2125,"Condition where a person experiences persistent severe and debilitating pain, involving an extremity or other body region, hyperesthesia, and localized autonomic dysfunction following injury to soft tissue or nerve",MedDRA:10064332:Complex regional pain syndrome,Procedural Complications,Nervous System,New,Term added for Release Number 2024. See no. 56 of Change Log,E01|E2125,,
"Mental, Emotional and Behavioural Disorders",,,,,E02,"Mental, Emotional and Behavioural Disorders",,,,Not selectable,Please use more detailed term within the hierarchy,E02,,
,Bruxism,,4427,C73511,E0201,Excessive clenching of the jaw and grinding of the teeth.,MedDRA:10006514:Bruxism,,,,,E02|E0201,,
,Emotional Changes,,1831,C50489,E0202,Change from the affected person's usual emotional state.,MedDRA:10014551:Emotional disorder,,,,,E02|E0202,,
,,Anxiety,2328,C26696,E020201,"Apprehension or uneasiness which may be accompanied by restlessness, tension, tachycardia, and dyspnea.",MedDRA:10002855:Anxiety,,,,,E02|E0202|E020201,,
,,Depression,2361,C2982,E020202,"A condition marked by ongoing feelings of sadness, despair, loss of energy, diminished interest/pleasure and difficulty dealing with normal daily life.",MedDRA:10012378:Depression,,,,,E02|E0202|E020202,,
,,Distress,2329,C37942,E020203,A state of physiological or psychological stress that cannot be compensated for by normal adaptive measures.,MedDRA:10049119:Emotional distress,,,,,E02|E0202|E020203,,
,,Malaise,2359,C3832,E020204,"A feeling of general discomfort or uneasiness, an out-of-sorts feeling.",MedDRA:10025482:Malaise,,,,,E02|E0202|E020204,,
,,Irritability,2421,C50623,E020205,A feeling of agitation. Tending to become frustrated or upset easily.,MedDRA:10022998:Irritability,,,,,E02|E0202|E020205,,
,Hallucination,,4428,C37961,E0203,A false sensory perception in the absence of an external stimulus.,MedDRA:10019063:Hallucination,,,,,E02|E0203,,
,Lethargy,,2560,C50412,E0204,Characterized by a lack of vitality or energy.,MedDRA:10024264:Lethargy,,,,,E02|E0204,,
,Suicidal Ideation,,4429,C80102,E0205,Thoughts of taking one's own life.,MedDRA:10042458:Suicidal ideation,,,,,E02|E0205,,
,"Unspecified Mental, Emotional or Behavioural Problem",,4430,C172050,E0206,"The report describes a non-specific Mental, Emotional or Behavioural problem. Note: Please use ""Appropriate Term / Code Not Available"" if the report describes a specific problem but the relevant term does not exist.",,,,,Term was added on 18 March 2020 for cases where the category of a health effect was reported but with no further details.,E02|E0206,,
,Delirium,,4592,C2981,E0207,"A usually reversible condition characterized by the acute and sudden development of confusion, illusions, movement changes, inattentiveness, agitation and hallucinations. ",MedDRA:10012218:Delirium,,,,"Term was added on 27 January 2022. For details, see comment No. 36 of the Change Log (Release Number 2022).",E02|E0207,,
,Psychosis,,4593,C78576,E0208,"A mental disorder characterized by personality change, impaired functioning and loss of touch with reality.",MedDRA:10037234:Psychosis,,,,"Term was added on 27 January 2022. For details, see comment No. 37 of the Change Log (Release Number 2022).",E02|E0208,,
,Sleepiness/Drowsiness/Somnolence,,4850,C198676,E0209,The sensation of struggling to remain awake.,MedDRA:10041349:Somnolence,,,,"Term was added on 31 January 2023. For details, see comment No. 77 of the Change Log (Release Number 2023).",E02|E0209,,
Blood and Lymphatic System,,,,,E03,Blood and Lymphatic System,,,,Not selectable,Please use more detailed term within the hierarchy,E03,,
,Anemia,,1706,C2869,E0301,"A reduction in the number of red blood cells, the amount of hemoglobin, and/or the volume of packed red blood cells.",MedDRA:10002272:Anemia,,,,,E03|E0301,,
,,Hemolytic Anemia,2279,C34376,E030101,Anemia resulting from the premature destruction of the peripheral blood red cells.,MedDRA:10019493:Hemolytic anemia,,,,,E03|E0301|E030101,,
,Coagulation Disorder,,1779,C2902,E0302,A condition in which there is a deviation from or interruption of the normal coagulation properties of the blood.,MedDRA:10009731:Coagulation disorder,,,,,E03|E0302,,
,,Disseminated Intravascular Coagulation (DIC),1813,C2992,E030201,"A pathological process where the blood starts to coagulate throughout the whole body. This depletes the body of its platelets and coagulation factors, and there is an increased risk of hemorrhage.",MedDRA:10013442:Disseminated intravascular coagulation,,,,,E03|E0302|E030201,,
,,Thrombocytopenia,4431,C3408,E030202,Low blood platelet count.,MedDRA:10043554:Thrombocytopenia,,,,,E03|E0302|E030202,,
,Hemolysis,,1886,C37965,E0303,Disruption of the integrity of the erythrocyte membrane causing release of hemoglobin.,MedDRA:10019491:Hemolysis,,,,,E03|E0303,,
,Hypervolemia,,2664,C50591,E0304,An abnormally high circulating blood volume.,MedDRA:10020920:Hypervolemia,,,,"Definition was modified on 21 January 2021 (Old definition: Too much fluid in the blood.). For details, see comment No. 2 of the Change Log.",E03|E0304,,
,Hypovolemia,,2243,C50595,E0305,An abnormally low circulating blood volume.,MedDRA:10021139:Hypovolemia,,,,,E03|E0305,,
,Sepsis,,2067,C3364,E0306,"The presence of pathogenic microorganisms in the blood stream causing a rapidly progressing systemic reaction that may lead to shock. Symptoms include fever, chills, tachycardia, and increased respiratory rate. It is a medical emergency that requires urgent medical attention.",MedDRA:10040047:Sepsis,Blood and Lymphatic System,Infections,,,E03|E0306,,
,Seroma,,2069,C50739,E0307,A tumor-like collection of serum in the tissues.,MedDRA:10040102:Seroma,,,,,E03|E0307,,
,Swollen Lymph Nodes/Glands,,4432,C50765,E0308,The presence of an enlarged lymph node.,MedDRA:10067201:Swollen lymph nodes,,,,,E03|E0308,,
,Low White Blood Cell Count,,4433,C162110,E0309,"The white blood cell count is below the normal range, including neutropenia.",MedDRA:10051617:White blood cell count low ,,,,"Definition was modified on 27 January 2022 (Old definition:The white blood cell count is below the normal range.). MedDRA mapping also updated from White blood cell count decreased (10047942) to White blood cell count low (10051617). For details, see comment No. 73 of the Change Log (Release Number 2022).",E03|E0309,,
,Unspecified Blood or Lymphatic problem,,4434,C171945,E0310,"The report describes a non-specific problem with the blood or lymphatic system. Note: Please use ""Appropriate Term / Code Not Available"" if the report describes a specific problem but the relevant term does not exist.",,,,,Term was added on 18 March 2020 for cases where the category of a health effect was reported but with no further details.,E03|E0310,,
,High White Blood Cell Count,,4594,C35524,E0311,The white blood cell count is above the normal range.,MedDRA:10051771:White blood cell count high,,,,"Term was added on 27 January 2022. For details, see comment No. 79 of the Change Log (Release Number 2022).",E03|E0311,,
,Transfusion Reaction,,4596,C187274,E0312,"Adverse events associated with the transfusion of whole blood or one of its components, most commonly a hemolytic reaction to cross-typed blood. ",MedDRA:10044359:Transfusion reaction,,,,"Term was added on 27 January 2022. For details, see comment No. 202 of the Change Log (Release Number 2022).",E03|E0312,,
,Blood Protein Abnormal,,4595,C187275,E0313,"One or more of the blood protein levels being higher or lower than normal (e.g. Albumin, C-reactive Protein).",,,,,"Term was added on 27 January 2022. For details, see comment No. 108 / 111 of the Change Log (Release Number 2022).",E03|E0313,,
,Electrolyte Imbalance,,2196,C50545,E1202,"Higher or lower than normal values for the serum electrolytes; usually affecting Na, K, Cl, Ca, CO2, BUN.",MedDRA:10014418:Electrolyte imbalance,"Endocrine, Metabolism and Nutrition",Blood and Lymphatic System,,,E03|E1202,,
,,Hypernatremia,2242,C37970,E120201,Higher than normal levels of sodium in the circulating blood.,MedDRA:10020680:Hypernatremia,"Endocrine, Metabolism and Nutrition",Blood and Lymphatic System,,,E03|E1202|E120201,,
,,Hyponatremia,4494,C37976,E120202,Lower than normal levels of sodium in the circulating blood.,MedDRA:10021038:Hyponatremia,"Endocrine, Metabolism and Nutrition",Blood and Lymphatic System,,,E03|E1202|E120202,,
Immune System,,,,,E04,Immune System,,,,Not selectable,Please use more detailed term within the hierarchy,E04,,
,Autoimmune Disorder,,1732,C2889,E0401,"A disorder resulting from loss of function or tissue destruction of an organ or multiple organs, arising from humoral or cellular immune responses of the individual to his own tissue constituents.",MedDRA:10061664:Autoimmune disorder,,,,,E04|E0401,,
,Hypersensitivity/Allergic reaction,,1907,C3114,E0402,A local or general reaction of an organism following contact with a specific allergen to which it has been previously exposed and to which it has become sensitized.,MedDRA:10020751:Hypersensitivity,,,,,E04|E0402,,
,,Anaphylactic Shock,1703,C50460,E040201,"Progression of anaphylaxis into systemic shock, which is characterized by significant reduction in tissue perfusion which leads to hypoxia and hypotension, and can lead to death if untreated.",MedDRA:10002199:Anaphylactic shock,Immune System,Generalized Disorders,,,E04|E0402|E040201,,
,,Anaphylactoid / Anaphylaxis,2218,C193466,E040202,"Acute immune response that occurs from exposure to an allergen. For conditions which have progressed to systemic shock, use E040201 - Anaphylactic Shock.",MedDRA:10002218:Anaphylaxis,Immune System,Generalized Disorders,,"Definition was modified on 31 January 2023 (Old definition: Resembling anaphylaxis.) MedDRA mapping also updated from Anaphylactoid reaction (10002216) to Anaphylaxis (10002218). For details, see comment No. 78 of the Change Log (Release Number 2023).",E04|E0402|E040202,,
,,Local Reaction,2035,C50419,E040203,"A regionally-limited response to an antigen, which may include inflammation, induration, erythema, pruritus or pain.",MedDRA:10024769:Local reaction,,,,,E04|E0402|E040203,,
,Immunodeficiency,,2156,C3131,E0403,A deficiency of immune response or a disorder characterized by deficient immune response.,MedDRA:10061598:Immunodeficiency,,,,,E04|E0403,,
,Positive antinuclear antibodies (ANA),,2015,C50701,E0404,"Indicates that antibodies directed against nuclear antigens have been detected. Almost invariably found in systemic lupus erythematosus and are frequently found in rheumatoid arthritis, scleroderma, Sjogren's Syndrome and mixed connective tissue disease.",MedDRA:10060055:Antinuclear antibody positive,,,,,E04|E0404,,
,Unspecified Immune System Problem,,4435,C3507,E0405,"The report describes a non-specific problem with the immune system. Note: Please use ""Appropriate Term / Code Not Available"" if the report describes a specific problem but the relevant term does not exist.",,,,,Term was added on 18 March 2020 for cases where the category of a health effect was reported but with no further details.,E04|E0405,,
Vascular System,,,,,E05,Vascular System,,,,Not selectable,Please use more detailed term within the hierarchy,E05,,
,Cerebral Hyperperfusion Syndrome,,4404,C171953,E0104,Unexpected increase in cerebral blood flow after carotid endarterectomy (CEA) or carotid artery stenting (CAS).,MedDRA:10064730:Cerebral hyperperfusion syndrome,Nervous System,Vascular System,,,E05|E0104,,
,Aneurysm,,1708,C26693,E0501,Bulging or ballooning in an area of an artery secondary to arterial wall weakening.,MedDRA:10002329:Aneurysm,,,,,E05|E0501,,
,,Ruptured Aneurysm,4436,C26999,E050101,"An aneurysm that has burst, resulting in hemorrhage into adjacent tissues.",MedDRA:10048380:Aneurysm ruptured,,,,,E05|E0501|E050101,,
,,Aneurysm expansion,4597,C187276,E050102,Expansion of aneurysm.,MedDRA:10069506:Aneurysm enlargement,,,,"Term was added on 27 January 2022. For details, see comment No. 185 of the Change Log (Release Number 2022).",E05|E0501|E050102,,
,Arteriosclerosis/ Atherosclerosis,,4437,C34398,E0502,A vascular disorder characterized by thickening and hardening of the walls of the arteries. Build-up of fatty material and calcium deposition in the arterial wall resulting in partial or complete occlusion of the arterial lumen.,MedDRA:10003210:Arteriosclerosis,,,,,E05|E0502,,
,Embolism/Embolus,,4438,C26759,E0503,"The blockage of a blood vessel lumen by air or solid material such as blood clot or other tissues (e.g., adipose tissue, cancer cells) that have migrated from another anatomic site.",MedDRA:10061169:Embolism,,,,,E05|E0503,,
,,Air Embolism,1697,C50455,E050301,The presence of bubbles of air in the vascular system; occurrence is related to the entry of air into the venous circulation following trauma or surgery.,MedDRA:10001526:Air embolism,,,,,E05|E0503|E050301,,
,,Foreign Body Embolism,4439,C171980,E050302,Type of embolism when lumen of vessel or ductus is occluded by part of device.,MedDRA:10075247:Foreign body embolism,,,,,E05|E0503|E050302,,
,,Pulmonary Embolism,1498,C50713,E050303,"The obstruction of the pulmonary artery or one of its branches by an embolus, sometimes associated with infarction of the lung.",MedDRA:10037377:Pulmonary embolism,Vascular System,Respiratory System,,,E05|E0503|E050303,,
,,Thromboembolism,2654,C28195,E050304,Occlusion of the lumen of a vessel by a thrombus that has migrated from a distal site via the blood stream.,MedDRA:10043566:Thromboembolism,,,,,E05|E0503|E050304,,
,,Fat embolism,4869,C206545,E050305,The blockage of a blood vessel by fat particles in the circulation.,MedDRA:10016246:Fat embolism,,,New,Term added for Release Number 2024. See no. 57 of Change Log,E05|E0503|E050305,,
,Extravasation,,1842,C48198,E0504,"The leakage of body fluid or cells from the vascular system to the surrounding tissues. This process occurs either by force or as a result of a pathologic reaction (e.g., inflammation).",MedDRA:10015866:Extravasation,,,,,E05|E0504,,
,Hematoma,,1884,C50579,E0505,"A localized collection of blood, usually clotted, in an organ, space, or tissue, due to a break in the wall of a blood vessel.",MedDRA:10019428:Hematoma,,,,,E05|E0505,,
,Hemorrhage/Blood Loss/Bleeding,,1888,C26791,E0506,"The loss of blood from the circulation, including blood loss from a device connected to a patient.",MedDRA:10019524:Hemorrhage,,,,"Term and definition was modified on 27 January 2022 (Old term/definition: Hemorrhage/Bleeding: The loss of blood from a ruptured blood vessel.). For details, see comment No. 87 / 199 of the Change Log (Release Number 2022).",E05|E0506,,
,,Ecchymosis,1818,C26758,E050601,"A flat discoloration of the skin or a mucous membrane, larger in area than a petechia, caused by the extravasation of blood. Discolouration under the skin caused by a bleed underneath. Typically a bruise.",MedDRA:10014080:Ecchymosis,,,,,E05|E0506|E050601,,
,,Exsanguination,1841,C50856,E050602,Extensive loss of blood due to internal or external hemorrhage.,MedDRA:10015719:Exsanguination,,,,,E05|E0506|E050602,,
,High Pulmonary Arterial Wedge Pressure,,2480,C50585,E0507,"The measurement of the mean left atrial pressure, as measured by a catheter introduced into the distal pulmonary artery, is high.",MedDRA:10037328:Pulmonary arterial wedge pressure high,Vascular System,Investigations and Diagnostic Tests,,,E05|E0507,,
,Low Pulmonary Arterial Wedge Pressure,,2479,C50642,E0508,"The measurement of the mean left atrial pressure, as measured by a catheter introduced into the distal pulmonary artery, is low.",MedDRA:10037330:Pulmonary arterial wedge pressure low,Vascular System,Investigations and Diagnostic Tests,,"Definition was modified on 21 January 2021 (Old definition: The measurement of the mean left pulmonary atrial pressure, as measured by a catheter introduced into the distal pulmonary artery, is low.). For details, see comment No. 3 of the Change Log.",E05|E0508,,
,Ischemia,,1942,C34738,E0509,"Lack of oxygen in tissues, commonly due to impaired blood supply to an area of the body, resulting in impairment of tissue oxygenation.",MedDRA:10054438:Ischemia,,,,,E05|E0509,,
,Neovascularization,,1978,C16900,E0510,The formation of new blood vessels.,MedDRA:10029114:Neovascularization,,,,,E05|E0510,,
,Perforation of Vessels,,2135,C50804,E0511,Damage to a blood vessel resulting from a full thickness disruption in the integrity of the vessel wall.,MedDRA:10068149:Vessel perforation,Vascular System,Procedural Complications,,,E05|E0511,,
,,Great Vessel Perforation,2152,C52352,E051101,"Damage to the venae cavae, pulmonary artery, pulmonary veins or aorta resulting from a full thickness disruption in the integrity of the vessel wall.",MedDRA:10080896:Perforation of great vessels,Vascular System,Procedural Complications,,,E05|E0511|E051101,,
,Vasculitis,,2004,C26912,E0512,"Inflammation of any one of the blood vessels, including the ARTERIES; VEINS; and rest of the vasculature system in the body.",MedDRA:10047115:Vasculitis,,,Modified (technical),Term and Definition and MedDRA map modified for Release Number 2024. Previous term was Phlebitis. Previous MedDRA map was 10034879:Phlebitis. See no. 19 of Change Log.,E05|E0512,,
,Pseudoaneurysm,,2605,C50711,E0513,The creation of hematoma outside the arterial wall following bleeding due to puncture of the arterial wall. Pseudoaneurysms can also occur in the heart chambers following myocardial infarction with rupture of the wall of the ventricle.,MedDRA:10048977:Pseudoaneurysm,,,,,E05|E0513,,
,Thrombosis/Thrombus,,4440,C27083,E0514,The formation of a blood clot in the lumen of a vessel or heart chamber.,MedDRA:10043607:Thrombosis,,,,,E05|E0514,,
,Vascular Dissection,,3160,C61409,E0515,Spontaneous or induced tear within the wall of a blood vessel.,MedDRA:10070693:Vascular dissection,,,,,E05|E0515,,
,,Aortic dissection,4870,C50461,E051501,Spontaneous or induced tear within the wall of the aorta,MedDRA:10002895:Aortic dissection,,,New,Term added for Release Number 2024. See no. 83 of Change Log,E05|E0515|E051501,,
,Vasoconstriction,,2126,C40866,E0516,Vasoconstriction involves narrowing of a blood vessel lumen due to smooth muscle contraction in the vessel wall and leads to decreased blood flow.,MedDRA:10047139:Vasoconstriction,,,,,E05|E0516,,
,Vasodilatation,,2127,C40867,E0517,Widening of a blood vessel lumen due to smooth muscle relaxation in the vessel wall and leads to increased blood flow.,MedDRA:10047141:Vasodilatation,,,,,E05|E0517,,
,Unspecified Vascular Problem,,4441,C35117,E0518,"The report describes a non-specific problem with the vascular system. Note: Please use ""Appropriate Term / Code Not Available"" if the report describes a specific problem but the relevant term does not exist.",,,,,Term was added on 18 March 2020 for cases where the category of a health effect was reported but with no further details.,E05|E0518,,
,Reduced Blood Flow,,4598,C187278,E0519,Inadequate blood flow to a particular area of the body.,MedDRA:10054880:Vascular insufficiency,,,,"Term was added on 27 January 2022. For details, see comment No. 190 of the Change Log (Release Number 2022).",E05|E0519,,
,Reperfusion Injury,,4851,C193389,E0520,Tissue damage caused when blood supply returns to tissue after a period of ischemia or lack of oxygen. The restoration of circulation results in inflammation and oxidative damage.,MedDRA:10063837:Reperfusion injury,,,,"Term was added on 31 January 2023. For details, see comment No. 125 of the Change Log (Release Number 2023).",E05|E0520,,
,Coronary obstruction/occlusion,,4871,C206551,E0521,Partial or total occlusion or obstruction of the coronary ostia or artery.,MedDRA:10011103:Coronary occlusion,Vascular System,Heart,New,Term added for Release Number 2024. See no. 82 of Change Log,E05|E0521,,
,Cardiovascular Dysfunction/Insufficiency,,4445,C171950,E0607,Circulatory dysfunction/insufficiency due to a decrease in the force of the cardiac contractions and / or the tone of the vascular walls. Includes diastolic and systolic dysfunction.,MedDRA:10065929:Cardiovascular insufficiency,Heart,Vascular System,Modified (editorial),"Term and definition was modified on 31 January 2023 (Old term/definition: Cardiovascular Insufficiency: Circulatory insufficiency due to a decrease in the force of the cardiac contractions and / or the tone of the vascular walls.). For details, see comment No. 81 of the Change Log (Release Number 2023).
Error in secondary CodeHierarchy corrected for Release No. 2024",E05|E0607,,
,Bronchial Hemorrhage,,4456,C78224,E0707,Bleeding from the bronchial wall and/or lung parenchyma.,MedDRA:10065757:Bronchial hemorrhage,Respiratory System,Vascular System,,,E05|E0707,,
,Conjunctival Hemorrhage,,4808,C26728,E0850,Blood extravasation in the conjunctiva.,MedDRA:10010720:Conjunctival hemorrhage,Eye,Vascular System,,"Term was added on 27 January 2022. For details, see comment No. 136 of the Change Log (Release Number 2022).",E05|E0850,,
,Retinal Hemorrhage,,4809,C187279,E0851,Blood extravasation in the retina.,MedDRA:10038870:Retinal hemorrhage,Eye,Vascular System,,"Term was added on 27 January 2022. For details, see comment No. 137 of the Change Log (Release Number 2022).",E05|E0851,,
,Choroidal Hemorrhage,,4810,C187280,E0852,Blood extravasation in the choroid.,MedDRA:10055239:Choroidal hemorrhage,Eye,Vascular System,,"Term was added on 27 January 2022. For details, see comment No. 138 of the Change Log (Release Number 2022).",E05|E0852,,
,Optic Nerve Sheath Hemorrhage,,4811,C187281,E0853,Blood extravasation in the Optic Nerve Sheath.,MedDRA:10054519:Optic nerve sheath hemorrhage,Eye,Vascular System,,"Term was added on 27 January 2022. For details, see comment No. 139 of the Change Log (Release Number 2022).",E05|E0853,,
,Compartment syndrome,,4888,C118422,E1644,"Condition in which a closed muscle compartment's pressure increases to such an extent that the circulation is diminished, e.g. due to decrease in a compartment volume or an increase in the contents of a compartment, or both.",MedDRA:10010121:Compartment syndrome,Musculoskeletal System,Vascular System,New,Term added for Release Number 2024. See no. 74 of Change Log,E05|E1644,,
,Hemarthrosis,,4889,C206552,E1645,Bleeding into the joints,MedDRA:10019409:Hemarthrosis,Musculoskeletal System,Vascular System,New,Term added for Release Number 2024. See no. 75 of Change Log,E05|E1645,,
,Endoleaks,,4843,C187282,E2121,Persistent blood flow/pressure in the aneurysm sac following an endovascular aneurysm repair (EVAR) procedure.,MedDRA:10063824:Endoleak,Procedural Complications,Vascular System,,"Term was added on 27 January 2022. For details, see comment No. 181 / 207 of the Change Log (Release Number 2022).",E05|E2121,,
,Stenosis,,2263,C50754,E2337,"Narrowing or stricture of a vessel, duct or canal.",MedDRA:10076711:Stenosis,Generalized Disorders,Vascular System,Modified (editorial),"Secondary category was added on 27 January 2022. For details, see comment No. 234 / 235 of the Change Log (Release Number 2022). Error in CodeHierarchy corrected for Release No. 2024",E05|E2337,,
Heart,,,,,E06,Heart,,,,Not selectable,Please use more detailed term within the hierarchy,E06,,
,Coronary obstruction/occlusion,,4871,C206551,E0521,Partial or total occlusion or obstruction of the coronary ostia or artery.,MedDRA:10011103:Coronary occlusion,Vascular System,Heart,New,Term added for Release Number 2024. See no. 82 of Change Log,E06|E0521,,
,Arrhythmia,,1721,C2881,E0601,Any variation from the normal rate or rhythm (which may include the origin of the impulse and/or its subsequent propagation) in the heart.,MedDRA:10003119:Arrhythmia,,,,,E06|E0601,,
,,Asystole,4442,C116130,E060101,An electrocardiographic finding showing a state of cardiac standstill with no cardiac output and no ventricular depolarization.,MedDRA:10003586:Asystole,,,,,E06|E0601|E060101,,
,,Atrial Fibrillation,1729,C50466,E060102,"Irregular heart rhythm, usually associated with a rapid rate, that is caused by abnormal electrical activity within the atrial.",MedDRA:10003658:Atrial fibrillation,,,,,E06|E0601|E060102,,
,,Atrial Flutter,1730,C51224,E060103,"A rapid heart rate, associated with a regular rhythm, that is caused by abnormal electrical activity within the atria.",MedDRA:10003662:Atrial flutter,,,,,E06|E0601|E060103,,
,,Bradycardia,1751,C37920,E060104,"An abnormally slow heart rate. Thresholds for different age, gender, and patient populations exist.",MedDRA:10006093:Bradycardia,,,,,E06|E0601|E060104,,
,,Ectopic Heartbeat,4443,C171970,E060105,A cardiac beat originating from an abnormal site. These changes lead to extra or dropped heartbeats.,MedDRA:10014159:Ectopic heartbeats,,,,,E06|E0601|E060105,,
,,Heart Block,4444,C34665,E060106,An interference with the normal conduction of electrical impulses that control activity of the heart muscle.,MedDRA:10019252:Heart block,,,,,E06|E0601|E060106,,
,,Idioventricular Rhythm,1923,C50599,E060107,An electrocardiographic finding of three or more consecutive complexes of ventricular origin. The QRS complexes are wide and have an abnormal morphology. (CDISC),MedDRA:10039111:Rhythm idioventricular,,,,,E06|E0601|E060107,,
,,Irregular Pulse,2469,C50622,E060108,A pulse that beats at irregular intervals.,MedDRA:10022994:Irregular pulse,,,,,E06|E0601|E060108,,
,,Tachycardia,2095,C38029,E060109,"Abnormally high heart rate. Thresholds for different age, gender, and patient populations exist.",MedDRA:10043071:Tachycardia,,,,,E06|E0601|E060109,,
,,Ventricular Fibrillation,2130,C50799,E060110,Arrhythmia characterized by chaotic contractions of the ventricular muscle.,MedDRA:10047290:Ventricular fibrillation,,,,,E06|E0601|E060110,,
,Cardiac Arrest,,1762,C50479,E0602,"The sudden cessation of productive cardiac activity in an individual who becomes unresponsive, without normal breathing and no signs of circulation.",MedDRA:10007515:Cardiac arrest,,,,,E06|E0602,,
,Cardiac Enzyme Elevation,,1838,C50480,E0603,Increase from the normal levels of cardiac enzymes.,MedDRA:10007548:Cardiac enzymes increased,Heart,Investigations and Diagnostic Tests,,,E06|E0603,,
,Cardiac Perforation,,2513,C73502,E0604,The presence of an acquired hole in the heart.,MedDRA:10058039:Cardiac perforation,Heart,Procedural Complications,,,E06|E0604,,
,Cardiac Tamponade,,2226,C50481,E0605,"Acute compression of the heart caused by increased intrapericardial pressure due to the accumulation of blood or fluid in the pericardium from rupture of the heart or great vessels, penetrating trauma, or progressive effusion.",MedDRA:10007610:Cardiac tamponade,,,,,E06|E0605,,
,Cardiomyopathy,,1764,C34830,E0606,A disease of the heart muscle.,MedDRA:10007636:Cardiomyopathy,,,,,E06|E0606,,
,Cardiovascular Dysfunction/Insufficiency,,4445,C171950,E0607,Circulatory dysfunction/insufficiency due to a decrease in the force of the cardiac contractions and / or the tone of the vascular walls. Includes diastolic and systolic dysfunction.,MedDRA:10065929:Cardiovascular insufficiency,Heart,Vascular System,Modified (editorial),"Term and definition was modified on 31 January 2023 (Old term/definition: Cardiovascular Insufficiency: Circulatory insufficiency due to a decrease in the force of the cardiac contractions and / or the tone of the vascular walls.). For details, see comment No. 81 of the Change Log (Release Number 2023).
Error in secondary CodeHierarchy corrected for Release No. 2024",E06|E0607,,
,Cusp Tear,,2656,C50517,E0608,"A tear located on a leaflet of a heart valve that prevents its complete closing, which can result in valvular dysfunction.",MedDRA:10068167:Cusp tear,,,,,E06|E0608,,
,Diminished Pulse Pressure,,2606,C50533,E0609,Weak or absent palpable pulse due to decreased arterial pulse pressure.,MedDRA:10037480:Pulse pressure decreased,,,,,E06|E0609,,
,Endocarditis,,1834,C34582,E0610,Inflammation of the endocardium.,MedDRA:10014665:Endocarditis,Heart,Infections,,,E06|E0610,,
,Heart Failure/Congestive Heart Failure,,4446,C3080,E0611,Inability of the heart to pump blood adequately to fill tissue metabolic requirements or the ability to do so only at an elevated filling pressure.,MedDRA:10019279:Heart failure,,,,,E06|E0611,,
,Ischemic Heart Disease,,2493,C50625,E0612,"A disorder of cardiac function caused by insufficient blood flow to the muscle tissue of the heart. The decreased blood flow may be due to narrowing of the coronary arteries, to obstruction by a thrombus, or less commonly, to diffuse narrowing of arterioles and other small vessels within the heart. Severe interruption of the blood supply to the myocardial tissue may result in necrosis of cardiac muscle (myocardial infarction).",MedDRA:10055218:Ischemic heart disease,,,,,E06|E0612,,
,,Angina,1710,C51221,E061201,Chest pain resulting from inadequate oxygen delivery for the needs of the myocardium.,MedDRA:10002383:Angina pectoris,,,,,E06|E0612|E061201,,
,,Myocardial Infarction,1969,C27996,E061202,"A condition which occurs when blood flow decreases or stops to a part of the heart, causing damage to the heart muscle.",MedDRA:10028596:Myocardial infarction,,,,,E06|E0612|E061202,,
,Low Cardiac Output,,2501,C50641,E0613,A below normal volume of blood pumped from the right or left ventricle of the heart per unit time.,MedDRA:10007595:Cardiac output decreased,,,,,E06|E0613,,
,Mitral Perforation,,2512,C50653,E0614,A rupture in the mitral valve tissue due to traumatic or pathologic processes.,MedDRA:10068138:Mitral perforation,Heart,Procedural Complications,,,E06|E0614,,
,Myocardial Contusion,,1763,C50661,E0615,A bruise to the heart.,MedDRA:10068147:Myocardial contusion,Heart,Procedural Complications,,,E06|E0615,,
,Myocardial Hypertrophy,,4447,C172011,E0616,Thickening of the myocardium often due to chronic pressure overload.,MedDRA:10072733:Myocardial hypertrophy,,,,,E06|E0616,,
,Myocarditis,,2470,C34831,E0617,Inflammation of the muscle tissue of the heart.,MedDRA:10028606:Myocarditis,,,,,E06|E0617,,
,Non specific EKG/ECG Changes,,1817,C50543,E0618,An electrocardiographic finding of a change in cardiac electrical activity.,MedDRA:10061116:Electrocardiogram change,,,,,E06|E0618,,
,Pericardial Effusion,,3271,C3319,E0619,"Fluid collection within the pericardial sac, usually due to inflammation.",MedDRA:10034474:Pericardial effusion ,,,Modified (editorial),Error in MedDRA mapping corrected for Release No. 2024,E06|E0619,,
,Pericarditis,,4448,C34915,E0620,Inflammation of the pericardium.,MedDRA:10034484:Pericarditis,,,,,E06|E0620,,
,Valvular Insufficiency/ Regurgitation,,4449,C50796,E0621,"Dysfunction of one of the cardiac valves, with incomplete valve closure or damage to a valve leaflet resulting in valvular backflow.",MedDRA:10058086:Heart valve insufficiency,,,,,E06|E0621,,
,,Aortic Valve Insufficiency/ Regurgitation,4450,C51223,E062101,"Incomplete closure or damage to a valve leaflet of the aortic valve, resulting in aortic valve backflow.",MedDRA:10052839:Aortic valve insufficiency,,,,,E06|E0621|E062101,,
,,Mitral Valve Insufficiency/ Regurgitation,4451,C50888,E062102,"Incomplete closure or damage to a valve leaflet of the mitral valve, resulting in mitral valve backflow.",MedDRA:10074862:Mitral valve insufficiency,,,,,E06|E0621|E062102,,
,,Pulmonary Valve Insufficiency/ Regurgitation,4452,C62436,E062103,"Incomplete closure or damage to a valve leaflet of the pulmonary valve, resulting in pulmonary valve backflow.",MedDRA:10052842:Pulmonary valve insufficiency,,,,,E06|E0621|E062103,,
,,Tricuspid Valve Insufficiency/ Regurgitation,4453,C50842,E062104,"Incomplete closure or damage to a valve leaflet of the tricuspid valve, resulting in tricuspid valve backflow.",MedDRA:10044635:Tricuspid insufficiency,,,,,E06|E0621|E062104,,
,Valvular Stenosis,,2697,C62433,E0622,Obstruction of flow across a heart valve due to immobility of the leaflets and/or a restricted orifice.,MedDRA:10061996:Heart valve stenosis,,,,,E06|E0622,,
,,Aortic Valve Stenosis,1717,C50462,E062201,Obstruction of flow across a aortic heart valve due to immobility reduced elasticity of the leaflets and/or a restricted orifice.,MedDRA:10002918:Aortic valve stenosis,,,,,E06|E0622|E062201,,
,,Mitral Valve Stenosis,1965,C50654,E062202,Obstruction of flow across a mitral heart valve due to immobility reduced elasticity of the leaflets and/or a restricted orifice.,MedDRA:10027733:Mitral valve stenosis,,,,,E06|E0622|E062202,,
,,Pulmonary Valve Stenosis,2024,C50715,E062203,Obstruction of flow across a pulmonary heart valve due to immobility reduced elasticity of the leaflets and/or a restricted orifice.,MedDRA:10037450:Pulmonary valve stenosis,,,,,E06|E0622|E062203,,
,,Tricuspid Valve Stenosis,2113,C50783,E062204,Obstruction of flow across a tricuspid heart valve due to immobility reduced elasticity of the leaflets and/or a restricted orifice.,MedDRA:10044642:Tricuspid valve stenosis,,,,,E06|E0622|E062204,,
,Unspecified Heart Problem,,4454,C3079,E0623,"The report describes a non-specific problem with the heart. Note: Please use ""Appropriate Term / Code Not Available"" if the report describes a specific problem but the relevant term does not exist.",,,,,Term was added on 18 March 2020 for cases where the category of a health effect was reported but with no further details.,E06|E0623,,
,Intraoperative Cardiac Valve Injury,,4852,C193390,E0624,An intraoperative event that causes abnormal valve function; this is usually a tear in the leaflet or the chordae tendinae.,MedDRA:10088741:Intraoperative cardiac valve injury,Heart,Procedural Complications,,"Term was added on 31 January 2023. For details, see comment No. 80 / 114 of the Change Log (Release Number 2023).",E06|E0624,,
,Cardiac Septal Defect Residual Shunt,,4853,C193391,E0625,Irregular blood flow in the heart after surgical correction of a septal defect.,MedDRA:10069121:Cardiac septal defect residual shunt,,,,"Term was added on 31 January 2023. For details, see comment No. 82 of the Change Log (Release Number 2023).",E06|E0625,,
,Transvalvular Pressure Gradient Increased,,4854,C193392,E0626,Increased pressure across the heart valve,MedDRA:10079128:Transvalvular pressure gradient increased,,,,"Term was added on 31 January 2023. For details, see comment No. 112 of the Change Log (Release Number 2023).",E06|E0626,,
,Intraoperative Cardiac Injury,,4855,C78377,E0627,"An intraoperative event that causes abnormal cardiac function. For valvular injury, use E0624 - Intraoperative Cardiac Valve Injury",MedDRA:10065843:Intraoperative cardiac injury,,,,"Term was added on 31 January 2023. For details, see comment No. 118 of the Change Log (Release Number 2023).",E06|E0627,,
,Fetal Distress,,1856,C50563,E1507,"Signs or symptoms which may be indicative of distress to a fetus, which may include repetitive variable decelerations, fetal tachycardia or bradycardia, late decelerations, or low biophysical profile.",MedDRA:10016486:Fetal distress,"Pregnancy, Childbirth and the Puerperium",Heart,,,E06|E1507,,
Respiratory System,,,,,E07,Respiratory System,,,,Not selectable,Please use more detailed term within the hierarchy,E07,,
,Pulmonary Embolism,,1498,C50713,E050303,"The obstruction of the pulmonary artery or one of its branches by an embolus, sometimes associated with infarction of the lung.",MedDRA:10037377:Pulmonary embolism,Vascular System,Respiratory System,,,E07|E050303,,
,Adult Respiratory Distress Syndrome,,1696,C3353,E0701,"Progressive and life-threatening pulmonary distress in the absence of an underlying pulmonary condition, usually following major trauma or surgery. Cases of neonatal respiratory distress syndrome are not included in this definition.",MedDRA:10001409:Adult respiratory distress syndrome,,,,,E07|E0701,,
,Airway Obstruction,,1699,C50456,E0702,Blockage of air flow in the respiratory tract.,MedDRA:10001539:Airways obstruction,,,,,E07|E0702,,
,Apnea,,1720,C26698,E0703,Transient cessation of respiration.,MedDRA:10002972:Apnea,,,,,E07|E0703,,
,Aspiration/Inhalation,,1725,C28245,E0704,"The entry of foreign material past the trachea, and into the lower respiratory tract.",MedDRA:10003504:Aspiration,,,,,E07|E0704,,
,Aspiration Pneumonitis,,4455,C34932,E0705,Inflammation of the lungs due to the inhalation of solid or liquid material.,MedDRA:10003526:Aspiration pneumonitis,,,,,E07|E0705,,
,Asthma,,1726,C28397,E0706,A chronic respiratory disease manifested as difficulty breathing due to the narrowing of bronchial passageways.,MedDRA:10003553:Asthma,,,,,E07|E0706,,
,Bronchial Hemorrhage,,4456,C78224,E0707,Bleeding from the bronchial wall and/or lung parenchyma.,MedDRA:10065757:Bronchial hemorrhage,Respiratory System,Vascular System,,,E07|E0707,,
,Bronchitis,,1752,C2911,E0708,An acute or chronic inflammatory process affecting the bronchi.,MedDRA:10006451:Bronchitis,,,,,E07|E0708,,
,Bronchospasm,,2598,C34439,E0709,Sudden contraction of the smooth muscles of the bronchial wall.,MedDRA:10006482:Bronchospasm,,,,,E07|E0709,,
,Choking,,2464,C50494,E0710,Interference with respiration by obstruction of the larynx or trachea.,MedDRA:10008589:Choking,Respiratory System,Injury,,Editorial change to the definition on 16 February 2021.,E07|E0710,,
,Chronic Obstructive Pulmonary Disease (COPD),,2237,C3199,E0711,"A chronic and progressive lung disorder characterized by the loss of elasticity of the bronchial tree and the air sacs, destruction of the air sacs wall, thickening of the bronchial wall, and mucous accumulation in the bronchial tree. The pathologic changes result in the disruption of the air flow in the bronchial airways. Signs and symptoms include shortness of breath, wheezing, productive cough, and chest tightness. The two main types of chronic obstructive pulmonary disease are chronic obstructive bronchitis and emphysema.",MedDRA:10009033:Chronic obstructive pulmonary disease,,,,,E07|E0711,,
,,Pulmonary Emphysema,1832,C3348,E071101,"A condition characterized by increase beyond normal in the size of air spaces distal to the terminal bronchioles, either from dilatation of the alveoli or from destruction of their walls.",MedDRA:10014563:Emphysema pulmonary,,,,,E07|E0711|E071101,,
,Cough,,4457,C37935,E0712,"A sudden, often repetitive, spasmodic contraction of the thoracic cavity, resulting in violent release of air from the lungs, and usually accompanied by a distinctive sound.",MedDRA:10011224:Cough,,,,,E07|E0712,,
,Decreased Peak Expiratory Flow rate,,2435,C50525,E0713,"Decrease in the maximum flow rate generated during a forceful exhalation, starting from full lung inflation.",MedDRA:10034195:Peak expiratory flow rate decreased,Respiratory System,Investigations and Diagnostic Tests,,,E07|E0713,,
,Increased Peak Expiratory Flow rate,,2436,C50610,E0714,An increase of the greatest rate of flow that can be achieved during forced expiration beginning with the lungs fully inflated.,MedDRA:10034196:Peak expiratory flow rate increased,Respiratory System,Investigations and Diagnostic Tests,,,E07|E0714,,
,Decreased Respiratory Rate,,2485,C50474,E0715,Abnormal decrease of rate of breathing.,MedDRA:10038710:Respiratory rate decreased,Respiratory System,Investigations and Diagnostic Tests,,,E07|E0715,,
,Increased Respiratory Rate,,2486,C50767,E0716,Abnormal increase of rate of breathing.,MedDRA:10038712:Respiratory rate increased,Respiratory System,Investigations and Diagnostic Tests,,,E07|E0716,,
,Dyspnea,,1816,C2998,E0717,An uncomfortable sensation of difficulty breathing. It may present as an acute or chronic sign of an underlying respiratory or heart disorder.,MedDRA:10013963:Dyspnea,,,,,E07|E0717,,
,Epistaxis,,4458,C26766,E0718,Nose bleed.,MedDRA:10015090:Epistaxis,,,,,E07|E0718,,
,Forced Expiratory Volume Decreased,,2430,C50524,E0719,A decrease in the fraction of the forced vital capacity that is exhaled in a specific number of seconds.,MedDRA:10016987:Forced expiratory volume decreased,Respiratory System,Investigations and Diagnostic Tests,,,E07|E0719,,
,Forced Expiratory Volume Increased,,2431,C50609,E0720,An increase in the fraction of the forced vital capacity that is exhaled in a specific number of seconds.,MedDRA:10016989:Forced expiratory volume increased,Respiratory System,Investigations and Diagnostic Tests,,,E07|E0720,,
,Hemoptysis,,1887,C3094,E0721,Coughing up blood from the respiratory tract.,MedDRA:10019523:Hemoptysis,,,,,E07|E0721,,
,Hemothorax,,1896,C50582,E0722,A collection of blood in the pleural cavity.,MedDRA:10019614:Hemothorax,,,,,E07|E0722,,
,Hiccups,,1899,C37966,E0723,"An involuntary contraction of the diaphragm against closed vocal cords, producing the hic sound.",MedDRA:10020039:Hiccups,,,,,E07|E0723,,
,Hyperventilation,,1910,C50590,E0724,"Abnormally prolonged, rapid, and deep breathing.",MedDRA:10020910:Hyperventilation,,,,,E07|E0724,,
,Hypoventilation,,1916,C50594,E0725,A state in which there is a reduced amount of air entering the pulmonary alveoli.,MedDRA:10021133:Hypoventilation,,,,,E07|E0725,,
,Hypoxia,,1918,C3890,E0726,A deficiency in the amount of oxygen reaching the tissues.,MedDRA:10021143:Hypoxia,,,,,E07|E0726,,
,Mediastinal Shift,,2198,C50645,E0727,Displacement of structures in the thoracic cavity in one direction due to increased pleural pressure on the contralateral side.,MedDRA:10066239:Mediastinal shift,,,,,E07|E0727,,
,Nasal Obstruction,,2466,C50662,E0728,Blockage of the nasal passages.,MedDRA:10028748:Nasal obstruction,,,,,E07|E0728,,
,Overinflation of Lung,,2397,C50644,E0729,"Abnormal permanent enlargement of the lung air spaces distal to terminal bronchiole not resulted from wall destruction, e.g. due to loss of opposite lung.",MedDRA:10059487:Lung hyperinflation,,,,,E07|E0729,,
,Pharyngitis,,2367,C26851,E0730,Inflammation of the throat most often caused by viral and bacterial infections.,MedDRA:10034835:Pharyngitis,,,,,E07|E0730,,
,Pleural Effusion,,2010,C3331,E0731,"Increased amounts of fluid within the pleural cavity. Symptoms include shortness of breath, cough, and chest pain.",MedDRA:10035598:Pleural effusion,,,,,E07|E0731,,
,Pleural Empyema,,4459,C34572,E0732,An accumulation of pus in the pleural space,MedDRA:10037381:Pulmonary empyema,,,,,E07|E0732,,
,Pneumonia,,2011,C3333,E0733,An acute and/or chronic inflammation focally or diffusely affecting the lung parenchyma.,MedDRA:10035664:Pneumonia,Respiratory System,Infections,,,E07|E0733,,
,,Bronchopneumonia,2437,C26710,E073301,Acute inflammation of the walls of the terminal bronchioles.,MedDRA:10006469:Bronchopneumonia,Respiratory System,Infections,,,E07|E0733|E073301,,
,Pneumothorax,,2012,C38006,E0734,Abnormal presence of air in the pleural cavity.,MedDRA:10035759:Pneumothorax,,,,,E07|E0734,,
,Pulmonary Dysfunction,,2019,C50712,E0735,Impaired or abnormal functioning of the pulmonary system causing multiple pulmonary issues.,MedDRA:10037386:Pulmonary function impairment,,,,,E07|E0735,,
,Pulmonary Edema,,2020,C26868,E0736,Accumulation of fluid in the lung tissues causing disturbance of the gas exchange that may lead to respiratory failure.,MedDRA:10037375:Pulmonary edema,Respiratory System,Generalized Disorders,,,E07|E0736,,
,Pulmonary Hypertension,,4460,C3120,E0737,Increased pressure within the pulmonary circulation due to lung or heart disorder.,MedDRA:10037400:Pulmonary hypertension,,,,,E07|E0737,,
,Pulmonary Infarction,,2021,C50714,E0738,"Localized necrosis of lung tissue caused by obstruction of the arterial blood supply, most often due to pulmonary embolism.",MedDRA:10037410:Pulmonary infarction,,,,,E07|E0738,,
,Respiratory Acidosis,,2482,C50728,E0739,"A condition in which the blood pH is less than normal, secondary to impaired gas exchange.",MedDRA:10038661:Respiratory acidosis,Respiratory System,"Endocrine, Metabolism and Nutrition",,,E07|E0739,,
,Respiratory Alkalosis,,2483,C50729,E0740,"A condition in which the blood pH is greater than normal, secondary to impaired gas exchange.",MedDRA:10038664:Respiratory alkalosis,Respiratory System,"Endocrine, Metabolism and Nutrition",,,E07|E0740,,
,Respiratory Arrest,,4461,C101772,E0741,Cessation of breathing function.,MedDRA:10038669:Respiratory arrest,,,,,E07|E0741,,
,Respiratory Failure,,2484,C26872,E0742,"The significant impairment of gas exchange within the lungs resulting in hypoxia, hypercarbia, or both, to the extent that organ tissue perfusion is severely compromised.",MedDRA:10038695:Respiratory failure,,,,,E07|E0742,,
,Respiratory Insufficiency,,4462,C51447,E0743,"Impairment of gas exchange within the lungs secondary to a disease process, neoplasm, or trauma, possibly resulting in hypoxia, hypercarbia, or both.",MedDRA:10038701:Respiratory insufficiency,,,,,E07|E0743,,
,Respiratory Tract Infection,,2420,C35650,E0744,An infectious disease affecting the respiratory tract.,MedDRA:10062352:Respiratory tract infection,Respiratory System,Infections,,,E07|E0744,,
,Sinus Perforation,,2277,C50741,E0745,A rupture in the sinus tissue due to traumatic or pathologic processes.,MedDRA:10040748:Sinus perforation,Respiratory System,Procedural Complications,,,E07|E0745,,
,Sneezing,,2251,C50746,E0746,A symptom consisting of the involuntary expulsion of air from the nose.,MedDRA:10041232:Sneezing,,,,,E07|E0746,,
,Sore Throat,,2396,C50747,E0747,"Any kind of inflammatory process of the tonsils, pharynx, or/and larynx characterized by pain in swallowing.",MedDRA:10041367:Sore throat,,,,,E07|E0747,,
,Stacking Breaths,,1593,C50752,E0748,Condition where there are a greater number of inhalations relative to the number of exhalations.,MedDRA:10068523:Breath stacking,,,,,E07|E0748,,
,Strangulation,,2084,C50756,E0749,"Interference with respiration by compression of the larynx, laryngopharynx or trachea, as well as of the carotid arteria or jugular veins.",MedDRA:10042169:Strangulation,Respiratory System,Injury,,Editorial change to the definition on 16 February 2021.,E07|E0749,,
,Ventilator Dependent,,2395,C50430,E0750,A condition that requires mechanical life support due to inability to breath effectively to maintain normal levels of oxygen and carbon dioxide in the body.,MedDRA:10080927:Dependence on ventilator,,,,,E07|E0750,,
,Wheezing,,4463,C206672,E0751,"A symptom and finding during physical examination, characterized by high-pitched, whistling sound during breathing. It results from narrowing or obstruction of the respiratory airways.  Also known as stridor.",MedDRA:10047924:Wheezing,,,Modified (technical),Definition modified for Release Number 2024. See no. 60 of Change Log,E07|E0751,,
,Unspecified Respiratory Problem,,4464,C26871,E0752,"The report describes a non-specific problem with the respiratory system. Note: Please use ""Appropriate Term / Code Not Available"" if the report describes a specific problem but the relevant term does not exist.",,,,,Term was added on 18 March 2020 for cases where the category of a health effect was reported but with no further details.,E07|E0752,,
,Upper Respiratory Tract Injury,,4599,C187283,E0753,"Mechanical or chemical injuries to the upper airways, including trachea, pharynx and larynx.",,,,,"Term was added on 27 January 2022. For details, see comment No. 103 of the Change Log (Release Number 2022).",E07|E0753,,
,Upper Respiratory Tract Irritation,,4872,C206560,E0754,Irritation and swelling of the upper airways,MedDRA:10070841:Upper respiratory tract irritation,,,New,Term added for Release Number 2024. See no. 1 of Change Log,E07|E0754,,
,Snoring,,4873,C116315,E0755,A particular type of noisy sound made by air passage across relaxed tissues during sleep.,MedDRA:10041235:Snoring,,,New,Term added for Release Number 2024. See no. 2 of Change Log,E07|E0755,,
,Nasal congestion,,4874,C78500,E0756,The blockage of the nasal passage due to mucosal edema. It is usually the result of a viral infection or an allergic reaction.,MedDRA:10028735:Nasal congestion,,,New,Term added for Release Number 2024. See no. 21 of Change Log,E07|E0756,,
,Breathing-related sleep disorder,,4875,C148023,E0757,Clinical spectrum with frequent episodes of either complete or partial obstruction of the upper airway during sleep. Includes sleep apnea. Also known as Sleep disordered breathing (SDB).,MedDRA:10006344:Breathing-related sleep disorder,,,New,Term added for Release Number 2024. See no. 61 of Change Log,E07|E0757,,
,Rhinitis,,4876,C34986,E0758,"Pattern of symptoms as a result of nasal inflammation and/or dysfunction of the nasal mucosa. There are various subtypes, such as allergic, infectious and non-allergic (e.g. atrophic) rhinitis.",MedDRA:10039083:Rhinitis,,,New,Term added for Release Number 2024. See no. 62 of Change Log,E07|E0758,,
,Respiratory Distress Syndrome of Newborns,,2046,C27560,E1516,A condition of the newborn marked by dyspnea with cyanosis.,MedDRA:10038692:Respiratory distress syndrome in newborn,"Pregnancy, Childbirth and the Puerperium",Respiratory System,,,E07|E1516,,
,High Oxygen Saturation,,2478,C50584,E2202,A high level of the degree to which oxygen is bound to hemoglobin given as a percentage calculated by dividing the maximum oxygen capacity into the actual oxygen content and multiplying by 100. Oxygen saturation usually is measured using pulse oximetry.,MedDRA:10033319:Oxygen saturation high,Investigations and Diagnostic Tests,Respiratory System,,,E07|E2202,,
,Low Oxygen Saturation,,2477,C50640,E2203,A low level of the degree to which oxygen is bound to hemoglobin given as a percentage calculated by dividing the maximum oxygen capacity into the actual oxygen content and multiplying by 100. Oxygen saturation usually is measured using pulse oximetry.,MedDRA:10033321:Oxygen saturation low,Investigations and Diagnostic Tests,Respiratory System,,,E07|E2203,,
Eye,,,,,E08,Eye,,,,Not selectable,Please use more detailed term within the hierarchy,E08,,
,Capsular Bag Tear,,2639,C50702,E0801,A tear in the capsular bag housing the lens.,MedDRA:10063941:Posterior capsule tear,,,,,E08|E0801,,
,Cataract,,1766,C26713,E0802,"Partial or complete opacity of the crystalline lens of one or both eyes that decreases visual acuity and eventually results in blindness. Some cataracts appear in infancy or in childhood, but most develop in older individuals. (Sternberg Diagnostic Surgical Pathology, 3rd ed.)",MedDRA:10007739:Cataract,,,,,E08|E0802,,
,Chemosis,,1775,C50490,E0803,Edema of the mucous membrane of the eyeball and eyelid lining.,MedDRA:10008435:Chemosis,Eye,Infections,,,E08|E0803,,
,Conjunctivitis,,1784,C34504,E0804,Inflammation of the conjunctiva of the eye.,MedDRA:10010741:Conjunctivitis,,,,,E08|E0804,,
,Corneal Clouding/Hazing,,1878,C50509,E0805,"Clouding of the middle area of the cornea, usually as a result of scarring due to infection, injury, or inflammation.",MedDRA:10052116:Corneal clouding,,,,,E08|E0805,,
,Corneal Decompensation,,1790,C50507,E0806,Inability to maintain corneal integrity; or corneal edema resulting from failure of the corneal endothelium to maintain detumescence.,MedDRA:10052117:Corneal decompensation,,,,,E08|E0806,,
,Corneal Edema,,1791,C50508,E0807,"Hazy, swollen cornea.",MedDRA:10011007:Corneal edema,Eye,Generalized Disorders,,,E08|E0807,,
,,Corneal Stromal Edema,1824,C50859,E080701,Fluid from the aqueous humor enters the corneal stroma and causes swelling.,MedDRA:10054772:Corneal stromal edema,Eye,Generalized Disorders,,,E08|E0807|E080701,,
,,Microcystic Edema,1823,C50901,E080702,Corneal edema of inflammatory origin associated with contact lens wear and morphologically characterized by presence of epithelial microcysts.,MedDRA:10068529:Corneal microcystic edema,Eye,Generalized Disorders,,,E08|E0807|E080702,,
,Corneal Epithelial Microcysts,,4465,C50549,E0808,"Very small, round vesicles containing fluid and cellular debris observed on the surface of the cornea under slit lamp examination in some types of corneal dystrophy and in wearers of extended wear lenses.",MedDRA:10068144:Corneal epithelial microcysts,,,,,E08|E0808,,
,Corneal Infiltrates,,2231,C50510,E0809,"Discrete, small lesions present in the cornea as a result of corneal inflammation and, in some cases, after soft contact lens wear especially extended-wear lenses.",MedDRA:10011022:Corneal infiltrates,,,,,E08|E0809,,
,Corneal Pannus,,1447,C50686,E0810,Superficial vascularization of the cornea with infiltration of granulation tissue.,MedDRA:10033682:Pannus (corneal),,,,,E08|E0810,,
,Corneal Perforation,,1792,C50692,E0811,A rupture in the corneal tissue due to traumatic or pathologic processes.,MedDRA:10011039:Corneal perforation,Eye,Procedural Complications,,,E08|E0811,,
,Corneal Scar,,1793,C50511,E0812,Replacement of corneal tissue with scar tissue as a result of injury to the deeper layers of the cornea.,MedDRA:10011044:Corneal scar,,,,,E08|E0812,,
,Corneal Touch,,1794,C50513,E0813,"Complications of intraocular lens surgery; usually refers to intraocular lens contact with cornea, can be intermittent or chronic.",MedDRA:10011055:Corneal touch,,,,,E08|E0813,,
,Corneal Ulcer,,1796,C50515,E0814,Area of epithelial tissue loss from corneal surface; associated with inflammatory cells in the cornea and anterior chamber.,MedDRA:10048492:Corneal ulcer,,,,,E08|E0814,,
,Dry Eye(s),,1814,C34553,E0815,A syndrome characterized by dryness of the cornea and conjunctiva. It is usually caused by a deficiency in tear production. Symptoms include a feeling of burning eyes and a possible foreign body presence in the eye.,MedDRA:10013774:Dry eye,,,,,E08|E0815,,
,Endophthalmitis,,1835,C34586,E0816,Inflammation of the intraocular fluids or tissues usually with microbial organisms.,MedDRA:10014801:Endophthalmitis,Eye,Infections,,,E08|E0816,,
,Excessive Tear Production,,2235,C50552,E0817,Profuse lacrimation.,MedDRA:10015591:Excess tears,,,,,E08|E0817,,
,Eye Infections,,4466,C45372,E0818,"An infection of any part of the eye, including the eyelid.",MedDRA:10015929:Eye infection,Eye,Infections,,,E08|E0818,,
,,Intraocular Infection,1933,C50617,E081801,Infection within the eye.,MedDRA:10054762:Eye infection intraocular,Eye,Infections,,,E08|E0818|E081801,,
,Eye Injury,,1845,C34602,E0819,Damage to the eye.,MedDRA:10061128:Eye injury,Eye,Injury,,,E08|E0819,,
,,Corneal Abrasion,1789,C26730,E081901,Injury to the epithelium of the cornea.,MedDRA:10010984:Corneal abrasion,,,,,E08|E0819|E081901,,
,,Eye Burn,2523,C50506,E081902,"Burn injury, including chemical burn, to any part of the eye.",MedDRA:10015911:Eye burns,Eye,Injury,,,E08|E0819|E081902,,
,,Retinal Detachment,2047,C26874,E081903,Separation of the inner retina layers from the underlying pigment epithelium.,MedDRA:10038848:Retinal detachment,,,,,E08|E0819|E081903,,
,,Retinal Injury,2048,C50731,E081904,"Damage to the retina due to toxicity, exposure to bright lights, or trauma.",MedDRA:10057430:Retinal injury,Eye,Injury,,,E08|E0819|E081904,,
,,Retinal Tear,2050,C50732,E081905,A usually small tearing of the retina occurring when the vitreous separates from the retina. It may lead to retinal detachment.,MedDRA:10038897:Retinal tear,,,,,E08|E0819|E081905,,
,,Vitreous Detachment,2445,C50807,E081906,Detachment of the vitreous humor from the retina.,MedDRA:10047650:Vitreous detachment,Eye,Procedural Complications,,,E08|E0819|E081906,,
,Eye Pain,,4467,C78287,E0820,Painful sensation in the eye.,MedDRA:10015958:Eye pain,Eye,Generalized Disorders,,,E08|E0820,,
,Foreign Body Sensation in Eye,,1869,C50572,E0821,Feeling of grittiness or having something in the eye; frequently caused by a foreign body.,MedDRA:10051116:Foreign body sensation in eyes,,,,,E08|E0821,,
,Glaucoma,,1875,C26782,E0822,Increased pressure in the eyeball due to obstruction of the outflow of aqueous humor.,MedDRA:10018304:Glaucoma,,,,,E08|E0822,,
,Halo,,2227,C50806,E0823,"Hazy ring around bright lights seen by some patients with refractive error or optical defects, e.g. cataracts, or corneal swelling.",MedDRA:10019099:Halo vision,,,,,E08|E0823,,
,Hyphema,,1911,C50592,E0824,Hemorrhage within the anterior chamber of the eye.,MedDRA:10020924:Hyphema,,,,"Definition was modified on 31 January 2023 to remove ""bloodshot"". For details, see comment No. 139 of the Change Log (Release Number 2023).",E08|E0824,,
,Hypopyon,,1913,C50593,E0825,An accumulation of pus in the anterior chamber of the eye.,MedDRA:10021086:Hypopyon,,,,,E08|E0825,,
,Intraocular Pressure Decreased,,4468,C172147,E0826,Decrease of pressure of the intraocular fluid in the eye.,MedDRA:10022804:Intraocular pressure decreased,,,,,E08|E0826,,
,Intraocular Pressure Increased,,1937,C50618,E0827,"Increase of pressure of the intraocular fluid in the eye, also known as ocular hypertension.",MedDRA:10022806:Intraocular pressure increased,,,,"Definition was modified on 31 January 2023 (Old definition: Increase of pressure of the intraocular fluid in the eye.). For details, see comment No. 108 of the Change Log (Release Number 2023).",E08|E0827,,
,Iritis,,1940,C50621,E0828,Inflammation of the iris.,MedDRA:10022955:Iritis,,,,,E08|E0828,,
,Keratitis,,1944,C26805,E0829,Inflammation of the cornea.,MedDRA:10023332:Keratitis,,,,,E08|E0829,,
,, Infective Keratitis,1945,C118749,E082901,"Keratitis due to infection, including infection by acanthamoeba.",MedDRA:10076672:Infective keratitis,,,,"Term/Definition was modified on 27 January 2022 (Old term/definition: Acanthamoeba Keratitis: Keratitis due to infection by acanthamoeba.) MedDRA mapping also updated from Acanthameba keratitis(10074137) to Infective keratitis(10076672). For details, see comment No. 252 of the Change Log (Release Number 2022).",E08|E0829|E082901,,
,Macular Edema,,1822,C35468,E0830,"Accumulation of intraretinal fluid and protein in the macula, which may result in swelling and decreased central vision.",MedDRA:10054467:Macular edema,Eye,Generalized Disorders,,,E08|E0830,,
,Overwear Syndrome,,2234,C50504,E0831,"Ocular pain which may be very intense, accompanied by corneal epithelium damage, conjunctival injection, lacrimation, blepharospasm, photophobia and hazy vision following corneal edema caused by overwear of contact lenses, principally the PMMA type.",MedDRA:10080905:Overwear syndrome,,,,,E08|E0831,,
,Pupillary Block,,2026,C50716,E0832,An obstruction of the pupil.,MedDRA:10037520:Pupillary block,,,,,E08|E0832,,
,Red Eye(s),,2038,C50725,E0833,Lay term applied to any condition with dilation of conjunctival or ciliary blood vessels; innumerable causes.,MedDRA:10038189:Red eye,,,,,E08|E0833,,
,Retinal Degeneration,,2049,C34979,E0834,Degeneration of the retina.,MedDRA:10038845:Retinal degeneration,,,,,E08|E0834,,
,Toxic Anterior Segment Syndrome (TASS),,4469,C172040,E0835,An acute postoperative inflammatory reaction in which a noninfectious substance enters the anterior segment and induces toxic damage to the intraocular tissues.,MedDRA:10066366:Toxic anterior segment syndrome,,,,Editorial change to the definition on 16 February 2021.,E08|E0835,,
,UGH (Uveitis Glaucoma Hyphema) Syndrome,,4470,C50794,E0836,"Clinical triad of uveitis, glaucoma, and hyphema (UGH), especially associated with the insertion of an anterior chamber intraocular lens (IOL).",MedDRA:10068156:Uveitis-glaucoma-hyphema syndrome,,,,,E08|E0836,,
,Uveitis,,2122,C26909,E0837,Inflammation of the uvea.,MedDRA:10046851:Uveitis,,,,,E08|E0837,,
,Visual Disturbances,,2140,C50805,E0838,An interference to normal eyesight without necessarily affecting visual acuity.,MedDRA:10047545:Visual disturbances,,,,,E08|E0838,,
,,Flashers,1864,C50568,E083801,The perception of sudden or brief bursts of light.,MedDRA:10047569:Visual flashes,,,,,E08|E0838|E083801,,
,,Phosphene Visualization,2164,C50697,E083802,An objective visual sensation that appears with the eyes closed and in the absence of visual light.,MedDRA:10034936:Phosphenes,Eye,Generalized Disorders,,,E08|E0838|E083802,,
,,Vitreous Floaters,1866,C50808,E083803,"Spots or stringy shapes in vision, often caused by deposits, aggregates, or cell fragments in the vitreous humor or lens.",MedDRA:10047654:Vitreous floaters,,,,,E08|E0838|E083803,,
,,Photophobia,4801,C28210,E083804,Increased sensitivity of the eyes to light causing discomfort or pain.,MedDRA:10034960:Photophobia,,,,"Term was added on 27 January 2022. For details, see comment No. 251 of the Change Log (Release Number 2022).",E08|E0838|E083804,,
,Visual Impairment,,2138,C50602,E0839,Decreased ability to see to a degree that requires corrective measures,MedDRA:10047571:Visual impairment,,,,,E08|E0839,,
,,Blurred Vision,2137,C27123,E083901,The loss of visual acuity (sharpness of vision).,MedDRA:10005886:Blurred vision,,,,,E08|E0839|E083901,,
,,Loss of Vision,2139,C50638,E083902,"Severely reduced visual acuity that cannot be corrected, or total loss of vision.",MedDRA:10024881:Loss of vision,,,,,E08|E0839|E083902,,
,,Diplopia/Double Vision,4802,C37941,E083903,Perception of multiple images from one object.,MedDRA:10013036:Diplopia,,,,"Term was added on 27 January 2022. For details, see comment No. 130 of the Change Log (Release Number 2022).",E08|E0839|E083903,,
,Vitreous Hemorrhage,,2143,C50469,E0840,Blood extravasation in the vitreous humor.,MedDRA:10047656:Vitreous hemorrhage,,,,,E08|E0840,,
,Vitreous Loss,,2142,C50639,E0841,loss or prolapse of vitreous gel.,MedDRA:10063942:Vitreous loss,,,,,E08|E0841,,
,Vitritis,,2181,C50587,E0842,"Inflammatory intraocular reaction with clouding and cells in vitreous; often accompanies inflammation of ciliary body, iris, choroid, or retina.",MedDRA:10047663:Vitritis,,,,,E08|E0842,,
,Zonular Dehiscence,,2698,C72898,E0843,Rupture of the fibrous strands connecting the ciliary body with the crystalline lens of the eye (usually at the time of cataract surgery).,MedDRA:10068351:Ciliary zonular dehiscence,,,,Editorial change to the definition on 16 February 2021.,E08|E0843,,
,Unspecified Eye / Vision Problem,,4471,C172049,E0844,"The report describes a non-specific problem with the eye(s) or vision. Note: Please use ""Appropriate Term / Code Not Available"" if the report describes a specific problem but the relevant term does not exist.",,,,,Term was added on 18 March 2020 for cases where the category of a health effect was reported but with no further details.,E08|E0844,,
,Eye Irritation,,4803,C187286,E0845,"A generic term used to describe abnormal sensations that bother the eyes like dryness, itchiness, burning and grittiness.",MedDRA:10015946:Eye irritation,,,,"Definition was modified on 31 January 2023 to add ""abnormal"". For details, see comment No. 103 of the Change Log (Release Number 2023).",E08|E0845,,
,Corneal Thinning,,4804,C187287,E0846,"Progressive deformation of the corneal structure, characterized by thinning of the cornea.",MedDRA:10054760:Corneal thinning,,,,"Term was added on 27 January 2022. For details, see comment No. 126 of the Change Log (Release Number 2022).",E08|E0846,,
,Pigment Dispersion Syndrome,,4805,C187288,E0847,"Condition where iris pigment is released into the anterior chamber and deposited in the trabecular meshwork, due to a procedure or device implantation.",MedDRA:10052134:Pigment dispersion syndrome,Eye,Procedural Complications,,"Term was added on 27 January 2022. For details, see comment No. 127 of the Change Log (Release Number 2022).",E08|E0847,,
,Corneal Endothelial Cell Loss,,4806,C187360,E0848,Decrease in corneal endothelial cell density.,MedDRA:10071681:Corneal endothelial cell loss,Eye,Procedural Complications,,"Term was added on 27 January 2022. For details, see comment No. 129 of the Change Log (Release Number 2022).",E08|E0848,,
,Posterior Capsule Opacification,,4807,C187361,E0849,Remnant lens epithelial cell proliferation and migration to the posterior capsule.,MedDRA:10036346:Posterior capsule opacification,Eye,Procedural Complications,,"Term was added on 27 January 2022. For details, see comment No. 131 of the Change Log (Release Number 2022).",E08|E0849,,
,Conjunctival Hemorrhage,,4808,C26728,E0850,Blood extravasation in the conjunctiva.,MedDRA:10010720:Conjunctival hemorrhage,Eye,Vascular System,,"Term was added on 27 January 2022. For details, see comment No. 136 of the Change Log (Release Number 2022).",E08|E0850,,
,Retinal Hemorrhage,,4809,C187279,E0851,Blood extravasation in the retina.,MedDRA:10038870:Retinal hemorrhage,Eye,Vascular System,,"Term was added on 27 January 2022. For details, see comment No. 137 of the Change Log (Release Number 2022).",E08|E0851,,
,Choroidal Hemorrhage,,4810,C187280,E0852,Blood extravasation in the choroid.,MedDRA:10055239:Choroidal hemorrhage,Eye,Vascular System,,"Term was added on 27 January 2022. For details, see comment No. 138 of the Change Log (Release Number 2022).",E08|E0852,,
,Optic Nerve Sheath Hemorrhage,,4811,C187281,E0853,Blood extravasation in the Optic Nerve Sheath.,MedDRA:10054519:Optic nerve sheath hemorrhage,Eye,Vascular System,,"Term was added on 27 January 2022. For details, see comment No. 139 of the Change Log (Release Number 2022).",E08|E0853,,
,Mydriasis,,4856,C193441,E0854,Dilated pupils,MedDRA:10028521:Mydriasis,,,,"Term was added on 31 January 2023. For details, see comment No. 107 of the Change Log (Release Number 2023).",E08|E0854,,
,Anterior Capsule Opacification,,4857,C193442,E0855,Remnant lens epithelial cell proliferation of the anterior capsule. ,MedDRA:10088740:Anterior capsule opacification,,,,"Term was added on 31 January 2023. For details, see comment No. 119 / 121 of the Change Log (Release Number 2023).",E08|E0855,,
,Pupillary Disorder,,4858,C193440,E0856,Condition which affects the structures or function of the pupil of the eye.,MedDRA:10037521:Pupillary disorder,,,,"Term was added on 31 January 2023. For details, see comment No. 120 of the Change Log (Release Number 2023).",E08|E0856,,
,Corneal Warpage,,4859,C193443,E0857,A change in the shape of the corneal surface presenting as abnormal radial symmetry.,MedDRA:10075404:Corneal warpage,,,,"Term was added on 31 January 2023. For details, see comment No. 129 of the Change Log (Release Number 2023).",E08|E0857,,
,Choroidal detachment,,4877,C206549,E0858,"A detachment of the choroid from the underlying sclera often due to the accumulation of fluid (blood for hemorrhagic, other fluids for serous detachment) in the suprachoroidal space",MedDRA:10008783:Choroidal detachment,,,New,Term added for Release Number 2024. See no. 7 of Change Log,E08|E0858,,
,Choroidal effusion,,4878,C206550,E0859,"Fluid accumulation in the suprachoroidal space, can lead to detachment",MedDRA:10063970:Choroidal effusion,,,New,Term added for Release Number 2024. See no. 8 of Change Log,E08|E0859,,
Ear and Labyrinth,,,,,E09,Ear and Labyrinth,,,,Not selectable,Please use more detailed term within the hierarchy,E09,,
,Acoustic Shock,,1693,C50452,E0901,Neurophysiological and psychological symptoms caused by sudden and unexpected loud noise.,MedDRA:10068150:Acoustic shock,Ear and Labyrinth,Nervous System,,,E09|E0901,,
,Acoustic Trauma,,1694,C50453,E0902,"Injury to the hearing mechanisms within the inner ear, caused by excessively loud noise.",MedDRA:10000528:Acoustic trauma,,,,,E09|E0902,,
,Hearing Impairment,,1881,C50576,E0903,"Partial or complete loss of the ability to detect or understand sounds resulting from damage to the outer, middle, or inner ear structures.",MedDRA:10019245:Hearing impaired,,,,,E09|E0903,,
,,Partial Hearing Loss,4472,C27643,E090301,A condition in which a person partially loses the ability to hear sounds in one or both ears.,MedDRA:10050564:Partial hearing loss,,,,,E09|E0903|E090301,,
,,Total Hearing Loss,4473,C36194,E090302,A condition in which a person completely loses the hearing in one or both ears.,MedDRA:10074290:Complete hearing loss,,,,,E09|E0903|E090302,,
,Tinnitus,,2103,C50772,E0904,"A noise in the ears, such as ringing, buzzing, roaring or clicking in the absence of auditory stimulation.",MedDRA:10043882:Tinnitus,Ear and Labyrinth,Nervous System,,,E09|E0904,,
,Vertigo,,2134,C38057,E0905,"A feeling of movement, a sensation as if the external world were revolving around the person or as if they were revolving in space (subjective vertigo). Vertigo is medically distinct from dizziness, lightheadedness, and unsteadiness.",MedDRA:10047340:Vertigo,,,,,E09|E0905,,
,Unspecified Ear or Labyrinth Problem,,4474,C171969,E0906,"The report describes a non-specific problem with the ear or labyrinth. Note: Please use ""Appropriate Term / Code Not Available"" if the report describes a specific problem but the relevant term does not exist.",,,,,Term was added on 18 March 2020 for cases where the category of a health effect was reported but with no further details.,E09|E0906,,
,Ear Pain,,4812,C37944,E0907,Earache or ear pain.,MedDRA:10014020:Ear pain,Ear and Labyrinth,Generalized Disorders,,"Term was added on 27 January 2022. For details, see comment No. 234 / 235 of the Change Log (Release Number 2022).",E09|E0907,,
,Ear infection,,4813,C27193,E0908,Infection of the ear.,MedDRA:10014011:Ear infection,Ear and Labyrinth,Infections,,"Term was added on 27 January 2022. For details, see comment No. 223 of the Change Log (Release Number 2022).",E09|E0908,,
,,Infectious Otitis Externa,4814,C3299,E090801,An infectious process involving the outer ear and ear canal.,MedDRA:10033072:Otitis externa,Ear and Labyrinth,Infections,,Editorial change to the term on 31 January 2023.,E09|E0908|E090801,,
,,Infectious Otitis Media,4815,C84354,E090802,"An infectious process involving the middle ear, includes acute otitis media, chronic otitis media, chronic suppurative otitis media, otitis media with effusion (OME), etc.",MedDRA:10033078:Otitis media,Ear and Labyrinth,Infections,,Editorial change to the term on 31 January 2023.,E09|E0908|E090802,,
,Middle Ear Inflammation,,4816,C34885,E0909,Inflammation (swelling and redness) to the middle ear.,MedDRA:10065838:Middle ear inflammation,,,,"Term was added on 27 January 2022. For details, see comment No. 232 of the Change Log (Release Number 2022).",E09|E0909,,
,Labyrinthitis,,4817,C128369,E0910,An inflammation of the labyrinth in the inner ear that causes dizziness and reduced or distorted hearing. ,MedDRA:10023567:Labyrinthitis,Ear and Labyrinth,Infections,,"Term was added on 27 January 2022. For details, see comment No. 233 of the Change Log (Release Number 2022).",E09|E0910,,
,Neonatal Hearing Impairment,,1975,C50667,E1512,An abnormality that affects hearing within the first month after birth.,MedDRA:10080921:Neonatal hearing impairment,"Pregnancy, Childbirth and the Puerperium",Ear and Labyrinth,,,E09|E1512,,
,,Complete Neonatal Hearing Loss,4515,C171957,E151201,Complete loss of the ability to detect or understand sounds present in an infant within its first month after birth.,MedDRA:10082499:Complete neonatal hearing loss,"Pregnancy, Childbirth and the Puerperium",Ear and Labyrinth,,,E09|E1512|E151201,,
,,Partial Neonatal Hearing loss,4516,C172016,E151202,Partial loss of the ability to detect or understand sounds present in an infant within its first month after birth.,MedDRA:10082496:Partial neonatal hearing loss,"Pregnancy, Childbirth and the Puerperium",Ear and Labyrinth,,,E09|E1512|E151202,,
Gastrointestinal System,,,,,E10,Gastrointestinal System,,,,Not selectable,Please use more detailed term within the hierarchy,E10,,
,Abdominal Distention,,2601,C78161,E1001,The condition of the abdomen being enlarged or swollen from internal pressure.,MedDRA:10000060:Abdominal distension,,,,,E10|E1001,,
,Abdominal Pain,,1685,C26682,E1002,Painful sensation in the abdominal region.,MedDRA:10000081:Abdominal pain,Gastrointestinal System,Generalized Disorders,,,E10|E1002,,
,Achalasia,,1692,C50451,E1003,Failure of the smooth muscle fibers of the gastrointestinal tract to relax at any one point of junction of one part with another.,MedDRA:10000420:Achalasia,,,,,E10|E1003,,
,Ascites,,2596,C2885,E1004,"Accumulation of fluid in the peritoneal cavity. The fluid may be serous, hemorrhagic, or the result of tumor metastasis to the peritoneum.",MedDRA:10003445:Ascites,,,,,E10|E1004,,
,Bowel Burn,,1756,C50473,E1005,A thermal injury to the bowels.,MedDRA:10082501:Intestinal burn,Gastrointestinal System,Injury,,,E10|E1005,,
,Bowel Perforation,,2668,C39611,E1006,A rupture in the wall of the small or large intestine due to traumatic or pathologic processes.,MedDRA:10006056:Bowel perforation,Gastrointestinal System,Procedural Complications,,,E10|E1006,,
,Constipation,,3274,C37930,E1007,Irregular and infrequent or difficult evacuation of the bowels.,MedDRA:10010774:Constipation,,,,,E10|E1007,,
,Diarrhea,,1811,C2987,E1008,"Frequent, watery bowel movements.",MedDRA:10012727:Diarrhea,,,,,E10|E1008,,
,Dysphagia/ Odynophagia,,1815,C2980,E1009,A symptom referring to difficult and or painful swallowing.,MedDRA:10013950:Dysphagia,,,,,E10|E1009,,
,Eructate,,1839,C50550,E1010,"To belch, the casting of upwind from the stomach.",MedDRA:10015137:Eructation,,,,,E10|E1010,,
,Flatus,,1865,C50569,E1011,Gas or air in the gastrointestinal tract.,MedDRA:10016769:Flatus,,,,,E10|E1011,,
,Gastritis,,1874,C26780,E1012,Inflammation of the stomach.,MedDRA:10017853:Gastritis,,,,,E10|E1012,,
,Gastroesophageal Burn,,4475,C171982,E1013,"Thermal, chemical or radiation injury to stomach or esophagus.",MedDRA:10082500:Gastroesophageal burn,Gastrointestinal System,Injury,,,E10|E1013,,
,Gastrointestinal Hemorrhage,,4476,C48592,E1014,Bleeding originating from any part of the gastrointestinal tract.,MedDRA:10017960:Gastrointestinal hemorrhage,,,,,E10|E1014,,
,Gastrointestinal Regurgitation,,4477,C92560,E1015,"Flow in the opposite direction from normal, as the casting up of undigested food or gas from the stomach, or the backward flowing of blood into the heart, or between the chambers of the heart when a valve is incompetent.",MedDRA:10067171:Regurgitation,,,,,E10|E1015,,
,Hematemesis,,4478,C37964,E1016,Vomiting blood.,MedDRA:10019418:Hematemesis,,,,,E10|E1016,,
,Intra-Abdominal Hemorrhage,,4479,C78372,E1017,Bleeding within the abdominal cavity.,MedDRA:10055291:Intra-abdominal hemorrhage,,,,,E10|E1017,,
,Laceration(s) of Esophagus,,2398,C50841,E1018,"A torn, ragged, mangled wound, or an accidental cut of esophagus.",MedDRA:10068164:Esophageal laceration,,,,,E10|E1018,,
,Melena,,4480,C86571,E1019,"Abnormally dark tarry feces containing blood, usually from gastrointestinal bleeding.",MedDRA:10027162:Melena,,,,,E10|E1019,,
,Nausea,,1970,C3258,E1020,Upper abdominal discomfort associated with an urge to vomit.,MedDRA:10028813:Nausea,,,,,E10|E1020,,
,Pancreatitis,,4481,C3306,E1021,Inflammation of the pancreas.,MedDRA:10033645:Pancreatitis,Gastrointestinal System,Infections,,,E10|E1021,,
,Perforation of Esophagus,,2399,C50693,E1022,The presence of a hole or other type of opening in the esophageal wall through which the contents of the esophagus can pass into the mediastinum.,MedDRA:10034419:Perforation of esophagus,Gastrointestinal System,Procedural Complications,,,E10|E1022,,
,Peritoneal Laceration(s),,2003,C50695,E1023,A cut or tear of the peritoneum.,MedDRA:10068140:Peritoneal laceration,Gastrointestinal System,Injury,,,E10|E1023,,
,Peritonitis,,2252,C26849,E1024,Inflammation of the peritoneum due to infection by bacteria or fungi.,MedDRA:10034674:Peritonitis,Gastrointestinal System,Infections,,,E10|E1024,,
,Heartburn/Indigestion,,1883,C34670,E1025,"Abdominal discomfort with retrosternal pain usually associated with gastroesophageal reflux, pyrosis or dyspepsia.",MedDRA:10013946:Dyspepsia,,,,"Term/Definition was modified on 27 January 2022 (Old term/definition: Pyrosis/Heartburn: Abdominal discomfort with retrosternal pain usually associated with gastroesophageal reflux.) MedDRA mapping also updated from Heartburn(10019326) to Dyspepsia(10013946). For details, see comment No. 110 of the Change Log (Release Number 2022).",E10|E1025,,
,Rectal Anastomotic Leakage,,4482,C78583,E1026,Leakage due to breakdown of a rectal anastomosis.,MedDRA:10065894:Rectal anastomotic leak,Gastrointestinal System,Procedural Complications,Retired,Term retired for Release Number 2024. Use E2108 - Failure to Anastomose. See no. 81 of Change Log,E10|E1026,,
,Retroperitoneal Hemorrhage,,4483,C26944,E1027,Bleeding originating in the retroperitoneal area.,MedDRA:10038981:Retroperitoneal hemorrhage,,,,,E10|E1027,,
,Salivary Gland Problem,,4484,C26879,E1028,A non-neoplastic or neoplastic (benign or malignant) disorder involving a salivary gland.,MedDRA:10061935:Salivary gland disorder,,,,,E10|E1028,,
,,Dry Mouth,4485,C26917,E102801,The condition of not having enough saliva to keep the mouth moist.,MedDRA:10013781:Dry mouth,,,,,E10|E1028|E102801,,
,,Salivary Hypersecretion,4486,C172030,E102802,Excessive saliva production.,MedDRA:10039424:Salivary hypersecretion,,,,,E10|E1028|E102802,,
,Stenosis of the esophagus,,4487,C34595,E1029,Narrowing or tightening of the esophagus,MedDRA:10041978:Stenosis esophageal,,,,,E10|E1029,,
,Stomach Ulceration,,4488,C3388,E1030,The formation of sores or a break in the wall of the stomach.,MedDRA:10042116:Stomach ulcer,,,,,E10|E1030,,
,Stomatitis,,4489,C26887,E1031,Inflammation of the oral mucosa.,MedDRA:10042128:Stomatitis,,,,,E10|E1031,,
,,Glossitis,4490,C112199,E103101,Inflammation of the tongue.,MedDRA:10018386:Glossitis,,,,,E10|E1031|E103101,,
,Vomiting,,2144,C3442,E1032,Forceful ejection of the contents of the stomach through the mouth.,MedDRA:10047700:Vomiting,,,,,E10|E1032,,
,Unspecified Gastrointestinal Problem,,4491,C2990,E1033,"The report describes a non-specific problem with the gastrointestinal system. Note: Please use ""Appropriate Term / Code Not Available"" if the report describes a specific problem but the relevant term does not exist.",,,,,Term was added on 18 March 2020 for cases where the category of a health effect was reported but with no further details.,E10|E1033,,
,Fecal Urgency,,4818,C187363,E1034,A continual or recurrent inclination to evacuate the bowels.,MedDRA:10012114:Defecation urgency,,,,"Term was added on 27 January 2022. For details, see comment No. 7 of the Change Log (Release Number 2022).",E10|E1034,,
,Pneumoperitoneum,,4819,C99012,E1035,Free air within the peritoneal cavity.,MedDRA:10048299:Pneumoperitoneum,,,,"Term was added on 27 January 2022. For details, see comment No. 205 of the Change Log (Release Number 2022).",E10|E1035,,
,Colitis,,4879,C26723,E1036,Inflammation of the large intestine,MedDRA:10009887:Colitis,,,New,Term added for Release Number 2024. See no. 102 of Change Log,E10|E1036,,
,Increased Intra-Peritoneal Volume (IIPV),,4498,C171995,E1303,Abnormal build up of fluid in the abdomen.,MedDRA:10082492:Increased intraperitoneal volume,Kidney and Urinary Tract,Gastrointestinal System,,,E10|E1303,,
,Difficulty Chewing,,4522,C50492,E1607,"Problem with mastication due to pain, discomfort or loss of mobility in the jaw.",MedDRA:10067464:Chewing difficulty,Musculoskeletal System,Gastrointestinal System,,,E10|E1607,,
,Fecal Incontinence,,4571,C78498,E232401,Inability to control voluntary passage of feces from the body.,MedDRA:10016296:Fecal incontinence,Generalized Disorders,Gastrointestinal System,Modified (editorial),"Editorial change to add Gastrointestinal System as Secondary Category. For details, see comment No. 99 of the Change Log (Release Number 2023).
Code hierarchy adjusted for secondary category to prevent primary parent term appearing in three places. Release No. 2024",E10|E232401,,
Hepatic and Biliary System,,,,,E11,Hepatic and Biliary System,,,,Not selectable,Please use more detailed term within the hierarchy,E11,,
,Biliary Cirrhosis,,1736,C51225,E1101,Cirrhosis of the liver caused either by destruction of the intrahepatic bile ducts (primary biliary cholangitis) or blockage of the extrahepatic bile ducts (secondary biliary cholangitis).,MedDRA:10004659:Biliary cirrhosis,,,,"Definition was modified on 21 January 2021 (Old definition: Biliary Cirrhosis/Cirrhosis of the liver caused either by destruction of the intrahepatic bile ducts (primary biliary cirrhosis) or blockage of the extrahepatic bile ducts (secondary biliary cirrhosis).). For details, refer to comment No. 5 of the Change Log.",E11|E1101,,
,Hepatitis,,1897,C3095,E1102,"Inflammation of the liver; usually from a viral infection, but sometimes from toxic agents.",MedDRA:10056522:Hepatic infection,Hepatic and Biliary System,Infections,,,E11|E1102,,
,Hyperbilirubinemia,,1903,C27088,E1103,Abnormally high level of bilirubin in the blood. Excess bilirubin is associated with jaundice.,MedDRA:10020582:Hyperbilirubinemia,,,,,E11|E1103,,
,Liver Damage/Dysfunction,,1954,C50634,E1104,Non traumatic damage to the liver parenchyma resulting in hepatic insufficiency.,MedDRA:10019831:Hepatocellular damage,,,,,E11|E1104,,
,Liver Failure,,4492,C26922,E1105,"Sustained, and severe damage to the liver with significant loss of function.",MedDRA:10024678:Liver failure,,,,,E11|E1105,,
,Liver Laceration(s),,1955,C50854,E1106,A cut or tear in the liver.,MedDRA:10068143:Liver laceration,,,,,E11|E1106,,
,Unspecified Hepatic or Biliary Problem,,4493,C171986,E1107,"The report describes a non-specific problem with the liver or biliary system. Note: Please use ""Appropriate Term / Code Not Available"" if the report describes a specific problem but the relevant term does not exist.",,,,,Term was added on 18 March 2020 for cases where the category of a health effect was reported but with no further details.,E11|E1107,,
,Biliary Leak,,4820,C187364,E1108,Sudden unexpected leakage of bile from the liver or soft tissue.,MedDRA:10057586:Post procedural bile leak,Hepatic and Biliary System,Procedural Complications,,"Term was added on 27 January 2022. For details, see comment No. 5 of the Change Log (Release Number 2022).",E11|E1108,,
,Cholangitis,,4821,C26718,E1109,Inflammation of the bile duct.,MedDRA:10008604:Cholangitis,Hepatic and Biliary System,Procedural Complications,,"Term was added on 27 January 2022. For details, see comment No. 6 of the Change Log (Release Number 2022).",E11|E1109,,
"Endocrine, Metabolism and Nutrition",,,,,E12,"Endocrine, Metabolism and Nutrition",,,,Not selectable,Please use more detailed term within the hierarchy. NOTE: Term was modified on 18 March 2020 to include Endocrine.,E12,,
,Respiratory Acidosis,,2482,C50728,E0739,"A condition in which the blood pH is less than normal, secondary to impaired gas exchange.",MedDRA:10038661:Respiratory acidosis,Respiratory System,"Endocrine, Metabolism and Nutrition",,,E12|E0739,,
,Respiratory Alkalosis,,2483,C50729,E0740,"A condition in which the blood pH is greater than normal, secondary to impaired gas exchange.",MedDRA:10038664:Respiratory alkalosis,Respiratory System,"Endocrine, Metabolism and Nutrition",,,E12|E0740,,
,Dehydration,,1807,C26740,E1201,A condition resulting from the excessive loss of fluid from the body.,MedDRA:10012174:Dehydration,,,,,E12|E1201,,
,Electrolyte Imbalance,,2196,C50545,E1202,"Higher or lower than normal values for the serum electrolytes; usually affecting Na, K, Cl, Ca, CO2, BUN.",MedDRA:10014418:Electrolyte imbalance,"Endocrine, Metabolism and Nutrition",Blood and Lymphatic System,,,E12|E1202,,
,,Hypernatremia,2242,C37970,E120201,Higher than normal levels of sodium in the circulating blood.,MedDRA:10020680:Hypernatremia,"Endocrine, Metabolism and Nutrition",Blood and Lymphatic System,,,E12|E1202|E120201,,
,,Hyponatremia,4494,C37976,E120202,Lower than normal levels of sodium in the circulating blood.,MedDRA:10021038:Hyponatremia,"Endocrine, Metabolism and Nutrition",Blood and Lymphatic System,,,E12|E1202|E120202,,
,,Hypercalcemia,4822,C3112,E120203,Higher than normal levels of calcium in the circulating blood.,MedDRA:10020587:Hypercalcemia,,,,"Term was added on 27 January 2022. For details, see comment No. 38 / 90 of the Change Log (Release Number 2022).",E12|E1202|E120203,,
,,Hypocalcemia,4823,C37973,E120204,Lower than normal levels of calcium in the circulating blood.,MedDRA:10020949:Hypocalcemia,,,,"Term was added on 27 January 2022. For details, see comment No. 39 / 91 of the Change Log (Release Number 2022).",E12|E1202|E120204,,
,,Hyperkalemia,4824,C37968,E120205,Higher than normal levels of potassium in the circulating blood.,MedDRA:10020647:Hyperkalemia,,,,"Term was added on 27 January 2022. For details, see comment No. 63 of the Change Log (Release Number 2022).",E12|E1202|E120205,,
,,Hypokalemia,4825,C37974,E120206,Lower than normal levels of potassium in the circulating blood.,MedDRA:10021018:Hypokalemia,,,,"Term was added on 27 January 2022. For details, see comment No. 64 of the Change Log (Release Number 2022).",E12|E1202|E120206,,
,,Blood Bicarbonate Increased,4826,C187367,E120207,Higher than normal levels of bicarbonate in the blood.,MedDRA:10005360:Blood bicarbonate increased,,,,"Term was added on 27 January 2022. For details, see comment No. 88 of the Change Log (Release Number 2022).",E12|E1202|E120207,,
,,Blood Bicarbonate Decreased,4827,C78181,E120208,Lower than normal levels of bicarbonate in the blood.,MedDRA:10005359:Blood bicarbonate decreased,,,,"Term was added on 27 January 2022. For details, see comment No. 89 of the Change Log (Release Number 2022).",E12|E1202|E120208,,
,,Hyperphosphatemia,4828,C113750,E120209,Higher than normal levels of phosphate in the circulating blood.,MedDRA:10020712:Hyperphosphatemia,,,,"Term was added on 27 January 2022. For details, see comment No. 61 of the Change Log (Release Number 2022).",E12|E1202|E120209,,
,Feeding Problem,,1850,C50560,E1203,Interruption or disruption of the intake of food/nutrition.,MedDRA:10061148:Feeding disorder,,,,,E12|E1203,,
,Hot Flashes/Flushes,,2153,C3109,E1204,"A temporary and/or sudden feeling of intense body warmth, flushing, sometimes accompanied by sweating.",MedDRA:10020407:Hot flashes,,,,,E12|E1204,,
,Hyperglycemia,,1905,C26797,E1205,Abnormally high level of glucose in the blood.,MedDRA:10020639:Hyperglycemia,"Endocrine, Metabolism and Nutrition",Investigations and Diagnostic Tests,,,E12|E1205,,
,,Elevated ketones/Diabetic Ketoacidosis,2364,C50530,E120501,"Elevated ketones, including metabolic acidosis produced by accumulation of ketone bodies resulting from uncontrolled diabetes mellitus.",MedDRA:10057594:Blood ketone body increased,,,,"Editorial change on 31 January 2023 to update MedDRA mapping from Diabetic ketoacidosis (10012671) to Blood ketone body increased (10057594). For details, see comment No. 85 / 86 of the Change Log (Release Number 2023).",E12|E1205|E120501,,
,Hypoglycemia,,1912,C3126,E1206,Abnormally low level of glucose in the blood.,MedDRA:10021005:Hypoglycemia,"Endocrine, Metabolism and Nutrition",Investigations and Diagnostic Tests,,,E12|E1206,,
,Polydipsia,,2604,C50700,E1207,Extreme thirst accompanied by chronic excessive intake of water.,MedDRA:10036067:Polydipsia,,,,,E12|E1207,,
,Weight Changes,,2607,C50810,E1208,Repetitive loss and regain of body weight.,MedDRA:10049040:Weight fluctuation,,,,,E12|E1208,,
,Hormonal Imbalance,,4495,C92809,E1209,An imbalance of one or more hormones in the body,MedDRA:10020381:Hormonal imbalance,"Endocrine, Metabolism and Nutrition",Investigations and Diagnostic Tests,,"Term was added on 18 March 2020 as an additional level 2 term for ""Endocrine, Metabolism and Nutrition"".",E12|E1209,,
,Premature Menopause,,4496,C80099,E1210,Menopause occurring spontaneously before 40 years of age,MedDRA:10036601:Premature menopause,"Endocrine, Metabolism and Nutrition",Reproductive System and Breast,,"Term was added on 18 March 2020 as an additional level 2 term for ""Endocrine, Metabolism and Nutrition"".",E12|E1210,,
,Vitamin Deficiency,,4497,C35772,E1211,Low levels of one or more vitamins in the body.,MedDRA:10047628:Vitamin deficiency,,,,"Term was added on 18 March 2020 as an additional level 2 term for ""Endocrine, Metabolism and Nutrition"".",E12|E1211,,
,Hypothyroidism,,4860,C26800,E1212,Abnormally low levels of thyroid hormone,MedDRA:10021114:Hypothyroidism,,,,"Term was added on 31 January 2023. For details, see comment No. 87 of the Change Log (Release Number 2023).",E12|E1212,,
,Uremia,,2188,C34851,E1306,Abnormally high concentration of non-protein nitrogen in the blood.,MedDRA:10046369:Uremia,Kidney and Urinary Tract,"Endocrine, Metabolism and Nutrition",,,E12|E1306,,
,Decreased Appetite,,4569,C2875,E2306,Lack of desire for food.,MedDRA:10061428:Decreased appetite,Generalized Disorders,"Endocrine, Metabolism and Nutrition",,,E12|E2306,,
,Increased Appetite,,4570,C113451,E2307,Intense desire for food.,MedDRA:10021654:Increased appetite,Generalized Disorders,"Endocrine, Metabolism and Nutrition",,,E12|E2307,,
Kidney and Urinary Tract,,,,,E13,Kidney and Urinary Tract,,,,Not selectable,Please use more detailed term within the hierarchy,E13,,
,Dysuria,,2684,C2999,E1301,Difficult or painful urination.,MedDRA:10013990:Dysuria,,,,,E13|E1301,,
,Hematuria,,2558,C3090,E1302,Blood in the urine.,MedDRA:10019450:Hematuria,,,,,E13|E1302,,
,Increased Intra-Peritoneal Volume (IIPV),,4498,C171995,E1303,Abnormal build up of fluid in the abdomen.,MedDRA:10082492:Increased intraperitoneal volume,Kidney and Urinary Tract,Gastrointestinal System,,,E13|E1303,,
,Micturition Urgency,,1871,C50792,E1304,A sudden compelling urge to urinate.,MedDRA:10027566:Micturition urgency,,,,,E13|E1304,,
,Renal Impairment,,4499,C114592,E1305,An acute or chronic condition where the kidneys are not functioning normally.,MedDRA:10062237:Renal impairment,,,,Editorial change to the definition on 16 February 2021.,E13|E1305,,
,,Renal Failure,2041,C4376,E130501,An acute or chronic condition that is characterized by the inability of the kidneys to adequately filter the blood resulting in uremia and electrolyte imbalances.,MedDRA:10038435:Renal failure,,,,,E13|E1305|E130501,,
,Uremia,,2188,C34851,E1306,Abnormally high concentration of non-protein nitrogen in the blood.,MedDRA:10046369:Uremia,Kidney and Urinary Tract,"Endocrine, Metabolism and Nutrition",,,E13|E1306,,
,Urethral Stenosis/Stricture,,4501,C79821,E1307,Narrowing of any part of the urethra. With or without affecting the flow of urine.,MedDRA:10065584:Urethral stenosis,,,,,E13|E1307,,
,Urinary Frequency / Polyuria,,2275,C198677,E1308,"Urination at short intervals or at higher volumes; it may result from increased urine formation, decreased bladder capacity, or lower urinary tract irritation.",MedDRA:10036142:Polyuria,,,,"Term/Definition was modified on 31 January 2023 (Old term/definition: Urinary Frequency: Urination at short intervals; it may result from increased urine formation, decreased bladder capacity, or lower urinary tract irritation.) MedDRA mapping also updated from Urinary frequency (10046539) to Polyuria (10036142). For details, see comment No. 88 of the Change Log (Release Number 2023).",E13|E1308,,
,Urinary Retention,,2119,C50790,E1309,Accumulation of urine within the bladder because of the inability to urinate.,MedDRA:10046555:Urinary retention,,,,,E13|E1309,,
,Urinary Tract Infection,,2120,C50791,E1310,"An inflammatory process affecting any part of the urinary tract, most commonly the bladder or the urethra.",MedDRA:10046571:Urinary tract infection,Kidney and Urinary Tract,Infections,,,E13|E1310,,
,,Kidney Infection,4502,C34965,E131001,An inflammatory process affecting the kidney.,MedDRA:10023424:Kidney infection,Kidney and Urinary Tract,Infections,,,E13|E1310|E131001,,
,Unspecified Kidney or Urinary Problem,,4503,C36286,E1311,"The report describes a non-specific problem with the kidneys or urinary system. Note: Please use ""Appropriate Term / Code Not Available"" if the report describes a specific problem but the relevant term does not exist.",,,,,Term was added on 18 March 2020 for cases where the category of a health effect was reported but with no further details.,E13|E1311,,
,Urolithiasis,,4861,C114688,E1312,"A condition arising from the formation of renal calculi (e.g. kidney stones, bladder stones, urinary tract stones).",MedDRA:10046707:Urolithiasis,,,,"Term was added on 31 January 2023. For details, see comment No. 89 of the Change Log (Release Number 2023).",E13|E1312,,
,Interstitial Cystitis,,4862,C27189,E1313,A chronic bladder condition resulting in recurring discomfort or pain in the bladder or surrounding pelvic region. Also known as Bladder Pain Syndrome (BPS).,MedDRA:10011796:Cystitis interstitial,,,,"Term was added on 31 January 2023. For details, see comment No. 90 of the Change Log (Release Number 2023).",E13|E1313,,
,Bladder Wall Thickening,,4863,C193444,E1314,"Thickening of the bladder walls, including Bladder Trabeculation.",MedDRA:10079064:Bladder wall thickening,,,,"Term was added on 31 January 2023. For details, see comment No. 91 of the Change Log (Release Number 2023).",E13|E1314,,
,Hydronephrosis,,4880,C26796,E1315,A condition of excess urine accumulation in kidney(s) that causes swelling of kidneys.,MedDRA:10020524:Hydronephrosis,,,New,Term added for Release Number 2024. See no. 5 of Change Log,E13|E1315,,
,Bladder Dysfunction,,4881,C206546,E1316,"Impaired or abnormal functioning of the bladder, including sphincters.",MedDRA:10069632:Bladder Dysfunction,,,New,Term added for Release Number 2024. See no. 14 of Change Log,E13|E1316,,
,Kidney injury,,4882,C35245,E1317,Traumatic damage to the kidney(s).,MedDRA:10070510:Traumatic renal injury,,,New,Term added for Release Number 2024. See no. 15 of Change Log,E13|E1317,,
,Urinary Incontinence,,4572,C78497,E232402,Inability to control voluntary passage of urine from the body.,MedDRA:10046543:Urinary incontinence,Generalized Disorders,Kidney and Urinary Tract,Modified (editorial),"Editorial change to add Kidney and Urinary Tract as Secondary Category. For details, see comment No. 100 of the Change Log (Release Number 2023). Amended in Version 1 on 23 February 2023.
Code hierarchy adjusted for secondary category to prevent primary parent term appearing in three places. Release No. 2024",E13|E232402,,
Reproductive System and Breast,,,,,E14,Reproductive System and Breast,,,,Not selectable,Please use more detailed term within the hierarchy,E14,,
,Premature Menopause,,4496,C80099,E1210,Menopause occurring spontaneously before 40 years of age,MedDRA:10036601:Premature menopause,"Endocrine, Metabolism and Nutrition",Reproductive System and Breast,,"Term was added on 18 March 2020 as an additional level 2 term for ""Endocrine, Metabolism and Nutrition"".",E14|E1210,,
,Abnormal Vaginal Discharge,,2123,C50795,E1401,"Secretions from the vagina with a smell, colour, or texture which is different from normal.",MedDRA:10057094:Vaginal discharge abnormality,,,,,E14|E1401,,
,Breast Discomfort/Pain,,4504,C78223,E1402,"Having pain, tenderness or discomfort in the breast.",MedDRA:10006298:Breast pain,,,,,E14|E1402,,
,Breast Mass,,2439,C3197,E1403,"Abnormality in the breast parenchyma, identified either by palpation or imaging. These abnormalities include calcifications, breast tissue distortion, presence of areas of density, and presence of benign or malignant tumors.",MedDRA:10006272:Breast mass,,,,,E14|E1403,,
,Cervical Changes,,1773,C50488,E1404,"Changes such as abnormal, pathological, benign, malignant, etc.",MedDRA:10008351:Cervix disorder,Reproductive System and Breast,Investigations and Diagnostic Tests,,,E14|E1404,,
,Dyspareunia,,4505,C2997,E1405,Painful or difficult coitus.,MedDRA:10013941:Dyspareunia,,,,,E14|E1405,,
,Fallopian Tube Perforation,,4506,C78294,E1406,A rupture in the fallopian tube due to traumatic or pathologic processes.,MedDRA:10065790:Fallopian tube perforation,Reproductive System and Breast,Procedural Complications,,,E14|E1406,,
,Genital Bleeding,,4507,C79472,E1407,Abnormal bleeding from the genitalia.,MedDRA:10071812:Genital bleeding,,,,,E14|E1407,,
,,Intermenstrual Bleeding,2665,C34818,E140701,Uterine bleeding that occurs during a time not associated with the normal menstrual period.,MedDRA:10022559:Intermenstrual bleeding,,,,,E14|E1407|E140701,,
,,Menorrhagia,4508,C26829,E140702,Heavy or large blood loss during menses.,MedDRA:10027313:Menorrhagia,,,,,E14|E1407|E140702,,
,Menstrual Irregularities,,1959,C35219,E1408,"Deviations from the normal process; e.g. delayed, difficult, profuse, scanty, unusual bleeding, etc.",MedDRA:10027333:Menstrual irregularity,,,,,E14|E1408,,
,Nipple Sensation Changes,,2162,C50673,E1409,Excessive sensitivity or changes in sensitivity in the nipple(s),MedDRA:10082498:Nipple sensation changes,,,,Editorial change to the definition on 16 February 2021.,E14|E1409,,
,Nipple Ulceration,,2441,C50674,E1410,Ulcer that develops in the nipple.,MedDRA:10029424:Nipple ulceration,,,,,E14|E1410,,
,Pelvic Inflammatory Disease,,2000,C3889,E1411,Any pelvic infection involving the upper female genital tract beyond the cervix.,MedDRA:10034254:Pelvic inflammatory disease,,,,,E14|E1411,,
,Rectovaginal Fistula,,4509,C172026,E1412,Abnormal connection between rectum and vagina.,MedDRA:10051097:Rectovaginal fistula,,,,Editorial change to the definition on 16 February 2021.,E14|E1412,,
,Sexual Dysfunction,,4510,C3347,E1413,"Difficulty, lack of desire, or pain associated with coitus.",MedDRA:10040477:Sexual dysfunction,,,,,E14|E1413,,
,,Erectile Dysfunction,4511,C3133,E141301,Persistent or recurrent inability to achieve or to maintain an erection during sexual activity.,MedDRA:10061461:Erectile dysfunction,,,,,E14|E1413|E141301,,
,Toxic Shock Syndrome,,2108,C35498,E1414,A rare acute life-threatening systemic bacterial noncontagious illness caused by staphylococcal exotoxins.,MedDRA:10044248:Toxic shock syndrome,Reproductive System and Breast,Infections,,,E14|E1414,,
,Uterine Perforation,,2121,C50793,E1415,A rupture in the uterus due to traumatic or pathologic processes.,MedDRA:10046810:Uterine perforation,Reproductive System and Breast,Procedural Complications,,,E14|E1415,,
,Vesicovaginal Fistula,,4512,C172051,E1416,Abnormal connection between vagina and bladder.,MedDRA:10069086:Vesicovaginal fistula,,,,,E14|E1416,,
,Unspecified Reproductive System or Breast Problem,,4513,C172028,E1417,"The report describes a non-specific problem with the breasts or reproductive system. Note: Please use ""Appropriate Term / Code Not Available"" if the report describes a specific problem but the relevant term does not exist.",,,,,Term was added on 18 March 2020 for cases where the category of a health effect was reported but with no further details.,E14|E1417,,
,Breast Feeding Problem,,4829,C187366,E1418,Issues related to the ability to breastfeed.,,,,,"Term was added on 27 January 2022. For details, see comment No. 158 / 160 of the Change Log (Release Number 2022).",E14|E1418,,
,Vaginal Dryness,,4864,C78699,E1419,An uncomfortable feeling of itching and burning in the vaginal opening resulting from inadequate vaginal lubrication.,MedDRA:10046904:Vaginal dryness,,,,"Term was added on 31 January 2023. For details, see comment No. 92 of the Change Log (Release Number 2023).",E14|E1419,,
,Pelvic Pain,,4865,C40122,E1420,Pain in the pelvic area,MedDRA:10034263:Pelvic pain,Reproductive System and Breast,Generalized Disorders,,"Term was added on 31 January 2023. For details, see comment No. 93 of the Change Log (Release Number 2023).",E14|E1420,,
,Ectopic Pregnancy,,1819,C34945,E1506,Pregnancy condition that happens when there is a developing fetus or embryo outside the uterus.,MedDRA:10014166:Ectopic pregnancy,"Pregnancy, Childbirth and the Puerperium",Reproductive System and Breast,,,E14|E1506,,
,Incompetent Cervix,,1927,C50607,E1509,"Cervix that is abnormally prone to dilate without contractions in the second trimester of pregnancy, resulting in premature expulsion of the fetus.",MedDRA:10021632:Incompetent cervix,"Pregnancy, Childbirth and the Puerperium",Reproductive System and Breast,,,E14|E1509,,
,Vaginal Mucosa Damage,,2124,C50522,E1519,Injury to vaginal mucosa.,MedDRA:10080926:Vaginal mucosal damage,"Pregnancy, Childbirth and the Puerperium",Reproductive System and Breast,,,E14|E1519,,
,Double Capsule,,4579,C171967,E2341,The presence of two distinct capsular layers around an implant with an intercapsular space,,Generalized Disorders,Reproductive System and Breast,,"Term was added on 18 March 2020 as an additional level 2 term for ""Generalized Disorders"".",E14|E2341,,
"Pregnancy, Childbirth and the Puerperium",,,,,E15,"Pregnancy, Childbirth and the Puerperium",,,,Not selectable,Please use more detailed term within the hierarchy,E15,,
,Abortion,,1688,C35221,E1501,The unintentional or intentional loss of a pregnancy before 22 weeks gestation.,MedDRA:10000210:Abortion,,,,,E15|E1501,,
,,Complete Induced Abortion,2212,C50500,E150101,Expulsion of all the products of conception following medical or surgical pregnancy termination.,MedDRA:10060928:Abortion induced complete,,,,,E15|E1501|E150101,,
,,Incomplete Induced Abortion,2213,C50608,E150102,The uterus is not entirely emptied of products of conception following medical or surgical pregnancy termination.,MedDRA:10053984:Abortion induced incomplete,,,,,E15|E1501|E150102,,
,,Induced Abortion,2214,C50613,E150103,Abortion brought on intentionally.,MedDRA:10021716:Induced abortion,,,,,E15|E1501|E150103,,
,,Missed Abortion,2215,C50652,E150104,Retention in uterus of an abortus.,MedDRA:10027704:Missed abortion,,,,,E15|E1501|E150104,,
,,Spontaneous Abortion,4514,C34336,E150105,Spontaneous expulsion of a human fetus before it is viable.,MedDRA:10041687:Spontaneous abortion,,,,,E15|E1501|E150105,,
,Amnionitis,,2217,C50459,E1502,Inflammation of the amnion.,MedDRA:10051242:Amnionitis,,,,,E15|E1502,,
,Cephalohematoma,,2599,C50484,E1503,"A subperiosteal hemorrhage limited to the surface of one cranial bone, a usually benign condition seen in the newborn as a result of bone trauma.",MedDRA:10060531:Cephalohematoma,,,,,E15|E1503,,
,Chorioamnionitis,,1777,C26720,E1504,"An infection involving chorion, amnion and amniotic fluid; generally, there is also involve placental villi and from decidua.",MedDRA:10008755:Chorioamnionitis,"Pregnancy, Childbirth and the Puerperium",Infections,,,E15|E1504,,
,Congenital Defect/Deformity,,1782,C2849,E1505,Any abnormality either hereditary or due an influence that happen during the pregnancy until the moment of birth.,MedDRA:10048305:Birth defects,"Pregnancy, Childbirth and the Puerperium",Musculoskeletal System,,,E15|E1505,,
,Ectopic Pregnancy,,1819,C34945,E1506,Pregnancy condition that happens when there is a developing fetus or embryo outside the uterus.,MedDRA:10014166:Ectopic pregnancy,"Pregnancy, Childbirth and the Puerperium",Reproductive System and Breast,,,E15|E1506,,
,Fetal Distress,,1856,C50563,E1507,"Signs or symptoms which may be indicative of distress to a fetus, which may include repetitive variable decelerations, fetal tachycardia or bradycardia, late decelerations, or low biophysical profile.",MedDRA:10016486:Fetal distress,"Pregnancy, Childbirth and the Puerperium",Heart,,,E15|E1507,,
,Hypoxia in Utero,,2210,C50564,E1508,"Caused by conditions such as inadequate placental function (often abruptio placentae), preeclamptic toxicity, prolapse of the umbilical cord, or complications from anesthetic administration.",MedDRA:10022748:Intra-uterine hypoxia,,,,,E15|E1508,,
,Incompetent Cervix,,1927,C50607,E1509,"Cervix that is abnormally prone to dilate without contractions in the second trimester of pregnancy, resulting in premature expulsion of the fetus.",MedDRA:10021632:Incompetent cervix,"Pregnancy, Childbirth and the Puerperium",Reproductive System and Breast,,,E15|E1509,,
,Low Apgar Score,,1718,C50416,E1510,Any Apgar score less than seven. This may be the initial or a subsequent apgar score.,MedDRA:10002944:Apgar score low,"Pregnancy, Childbirth and the Puerperium",Investigations and Diagnostic Tests,,,E15|E1510,,
,Neonatal Deformities,,1974,C50666,E1511,Anatomic abnormality manifested during the neonatal period of physical or mechanical origin.,MedDRA:10082494:Neonatal deformity,"Pregnancy, Childbirth and the Puerperium",Musculoskeletal System,,,E15|E1511,,
,Neonatal Hearing Impairment,,1975,C50667,E1512,An abnormality that affects hearing within the first month after birth.,MedDRA:10080921:Neonatal hearing impairment,"Pregnancy, Childbirth and the Puerperium",Ear and Labyrinth,,,E15|E1512,,
,,Complete Neonatal Hearing Loss,4515,C171957,E151201,Complete loss of the ability to detect or understand sounds present in an infant within its first month after birth.,MedDRA:10082499:Complete neonatal hearing loss,"Pregnancy, Childbirth and the Puerperium",Ear and Labyrinth,,,E15|E1512|E151201,,
,,Partial Neonatal Hearing loss,4516,C172016,E151202,Partial loss of the ability to detect or understand sounds present in an infant within its first month after birth.,MedDRA:10082496:Partial neonatal hearing loss,"Pregnancy, Childbirth and the Puerperium",Ear and Labyrinth,,,E15|E1512|E151202,,
,Perinatal Brain Injury,,1852,C73501,E1513,Injury to the brain of a newborn infant occurring around the time of birth.,MedDRA:10056392:Perinatal brain damage,"Pregnancy, Childbirth and the Puerperium",Nervous System,,,E15|E1513,,
,Pregnancy with a Contraceptive Device,,4517,C172022,E1514,The woman became pregnant despite using a contraceptive device.,MedDRA:10063130:Pregnancy with contraceptive device,,,,,E15|E1514,,
,Premature Labor,,2465,C50917,E1515,Delivery of a viable infant before the normal end of gestation.,MedDRA:10036599:Premature labor,,,,,E15|E1515,,
,Respiratory Distress Syndrome of Newborns,,2046,C27560,E1516,A condition of the newborn marked by dyspnea with cyanosis.,MedDRA:10038692:Respiratory distress syndrome in newborn,"Pregnancy, Childbirth and the Puerperium",Respiratory System,,,E15|E1516,,
,Teratogenic Effects,,2273,C50916,E1517,Appearance of anomalies and/or developmental defects due to exposure to an agent that can disturb the development of an embryo or fetus.,MedDRA:10043275:Teratogenicity,,,,,E15|E1517,,
,Toxins In Children,,2098,C50493,E1518,Children affected by toxins may be due to silicone breast implants and their effects on unborn children and from breastfeeding.,MedDRA:10053487:Exposure to toxic agent,,,,,E15|E1518,,
,Vaginal Mucosa Damage,,2124,C50522,E1519,Injury to vaginal mucosa.,MedDRA:10080926:Vaginal mucosal damage,"Pregnancy, Childbirth and the Puerperium",Reproductive System and Breast,,,E15|E1519,,
,Infertility,,4830,C3836,E1520,"Inability to conceive for at least one year after trying and having unprotected sex. Causes of female infertility include endometriosis, fallopian tubes obstruction, and polycystic ovary syndrome. Causes of male infertility include abnormal sperm production or function, blockage of the epididymis, blockage of the ejaculatory ducts and hypospadias.",MedDRA:10021926:Infertility,,,,"Term was added on 27 January 2022. For details, see comment No. 159 / 206 of the Change Log (Release Number 2022).",E15|E1520,,
,Toxemia,,2207,C50780,E190103,The condition resulting from the spread of bacterial products (toxins) by the bloodstream.,MedDRA:10059857:Toxemia,Infections,"Pregnancy, Childbirth and the Puerperium",,,E15|E190103,,
Musculoskeletal System,,,,,E16,Musculoskeletal System,,,,Not selectable,Please use more detailed term within the hierarchy,E16,,
,Congenital Defect/Deformity,,1782,C2849,E1505,Any abnormality either hereditary or due an influence that happen during the pregnancy until the moment of birth.,MedDRA:10048305:Birth defects,"Pregnancy, Childbirth and the Puerperium",Musculoskeletal System,,,E16|E1505,,
,Neonatal Deformities,,1974,C50666,E1511,Anatomic abnormality manifested during the neonatal period of physical or mechanical origin.,MedDRA:10082494:Neonatal deformity,"Pregnancy, Childbirth and the Puerperium",Musculoskeletal System,,,E16|E1511,,
,Arthralgia,,2355,C50464,E1601,Pain in a joint.,MedDRA:10003239:Arthralgia,,,,,E16|E1601,,
,Arthritis,,1723,C2883,E1602,An inflammatory process affecting a joint.,MedDRA:10003246:Arthritis,,,,,E16|E1602,,
,,Rheumatoid Arthritis,1724,C2884,E160201,"A chronic systemic disease, primarily of the joints, marked by inflammatory changes in the synovial membranes and articular structures, widespread fibrinoid degeneration of the collagen fibers in mesenchymal tissues, and by atrophy and rarefaction of bony structures.",MedDRA:10039073:Rheumatoid arthritis,,,,,E16|E1602|E160201,,
,Bone Fracture(s),,1870,C3046,E1603,A traumatic or pathological injury to the bone in which the continuity of the bone is broken.,MedDRA:10017076:Fracture,Musculoskeletal System,Injury,,,E16|E1603,,
,,Hip Fracture,2349,C26794,E160301,"Traumatic or pathological injury to the hip in which the continuity of either the femoral head, femoral neck, intertrochanteric or subtrochanteric regions is broken.",MedDRA:10020100:Hip fracture,Musculoskeletal System,Injury,,,E16|E1603|E160301,,
,,Limb Fracture,4518,C172003,E160302,A traumatic break in one or more of the bones in a limb.,MedDRA:10074551:Limb fracture,Musculoskeletal System,Injury,,,E16|E1603|E160302,,
,,Multiple Fractures,4519,C26778,E160303,Two or more simultaneous traumatic breaks in one or more bones.,MedDRA:10028200:Multiple fractures,Musculoskeletal System,Injury,,,E16|E1603|E160303,,
,,Skull Fracture,2077,C50745,E160304,A traumatic or pathologic injury to the bones of the skull in which the continuity of the bones of the skull is broken.,MedDRA:10061365:Skull fracture,Musculoskeletal System,Injury,,,E16|E1603|E160304,,
,,Vertebral Fracture,4520,C80516,E160305,Traumatic or pathological injury to the spine in which the continuity of a vertebral bone is broken.,MedDRA:10047333:Vertebral fracture,Musculoskeletal System,Injury,,,E16|E1603|E160305,,
,Connective Tissue Disease,,1786,C26729,E1604,A non-neoplastic or neoplastic disorder that affects the connective tissue.,MedDRA:10061087:Connective tissue disorder,,,,,E16|E1604,,
,Cramp(s) /Muscle Spasm(s),,4521,C34827,E1605,"A sustained, sudden and involuntary contraction of a muscle or group of muscles.",MedDRA:10011285:Cramp,,,,,E16|E1605,,
,,Abdominal Cramps,2543,C34331,E160501,An involuntary muscular contraction involving a muscle of the abdomen or of a hollow organ within the abdomen.,MedDRA:10000057:Abdominal cramps,,,,,E16|E1605|E160501,,
,Damage to Ligament(s),,1952,C50633,E1606,An injury to any of the fibrous bands of tissue that comprise an articulation (joint).,MedDRA:10061223:Ligament injury,Musculoskeletal System,Injury,,,E16|E1606,,
,Difficulty Chewing,,4522,C50492,E1607,"Problem with mastication due to pain, discomfort or loss of mobility in the jaw.",MedDRA:10067464:Chewing difficulty,Musculoskeletal System,Gastrointestinal System,,,E16|E1607,,
,Fasciitis,,2375,C50559,E1608,Inflammation of fascia.,MedDRA:10016228:Fasciitis,,,,,E16|E1608,,
,Fibromyositis,,1860,C50566,E1609,Inflammation and fibrous degeneration of a muscle.,MedDRA:10063041:Fibromyositis,Musculoskeletal System,Infections,,,E16|E1609,,
,Head Injury,,1879,C34660,E1610,A traumatic injury to the head.,MedDRA:10019196:Head injury,Musculoskeletal System,Injury,,,E16|E1610,,
,Hyperextension,,4523,C98951,E1611,Forceful extension of a joint beyond its normal limits.,MedDRA:10062310:Joint hyperextension,,,,,E16|E1611,,
,Inadequate Osseointegration,,2646,C50914,E1612,Insufficient structural and functional connection between living bone and the surface of a synthetic implant.,MedDRA:10068157:Inadequate osteointegration,,,,,E16|E1612,,
,,Aseptic loosening,4883,C206539,E161201,Failure of the fixation of a prosthetic component in the absence of infection.,MedDRA:10090445:Aseptic joint prosthesis loosening,,,New,Term added for Release Number 2024. See no. 69 of Change Log,E16|E1612|E161201,,
,,Septic loosening,4884,C206540,E161202,Failure of the fixation of a prosthetic component in the presence of infection.,MedDRA:10090446:Septic joint prosthesis loosening,,,New,Term added for Release Number 2024. See no. 70 of Change Log,E16|E1612|E161202,,
,Intervertebral Disc Compression or Protrusion,,4524,C171999,E1613,"Degenerative, pathological or traumatic changes in the cartilaginous tissue of the spine leading to unwanted compression or protrusion of the disc.",MedDRA:10055039:Intervertebral disc compression,,,,,E16|E1613,,
,Joint Dislocation,,2374,C26750,E1614,An abnormal separation where two or more bones meet.,MedDRA:10023204:Joint dislocation,Musculoskeletal System,Injury,,,E16|E1614,,
,,Subluxation,4525,C172034,E161401,Partial dislocation of the bones in a joint.,MedDRA:10042402:Subluxation,Musculoskeletal System,Injury,,,E16|E1614|E161401,,
,Joint Laxity,,4526,C172000,E1615,Looseness or instability of a joint.,MedDRA:10070874:Joint laxity,,,,,E16|E1615,,
,Loss of Range of Motion,,2032,C50637,E1616,A finding that the flexibility of a joint is below the expected range of normal for that individual.,MedDRA:10048706:Joint range of motion decreased,,,,,E16|E1616,,
,,Ankylosis,4527,C171941,E161601,"Immobility of the joint due to the formation of bone, cartilaginous or fibrous tissues around the joints.",MedDRA:10002559:Ankylosis,,,,,E16|E1616|E161601,,
,,Joint Contracture,4528,C124948,E161602,"Permanent restriction of a joint, usually resulting from prolonged spasticity in a muscle area.",MedDRA:10023201:Joint contracture,,,,,E16|E1616|E161602,,
,,Muscular Rigidity,1968,C50659,E161603,"An involuntary, persistent state of firm, tense muscles with marked resistance to passive movement.",MedDRA:10028330:Muscle rigidity,,,,,E16|E1616|E161603,,
,,Arthrofibrosis,4885,C206553,E161604,Fibrotic joint disorder characterized by excessive collagen production and adhesions that result in restricted joint motion and pain.,MedDRA:10058029:Arthrofibrosis,,,New,Term added for Release Number 2024. See no. 71 of Change Log,E16|E1616|E161604,,
,,Joint locking,2672,C206537,E161605,"Joint is blocked or becomes stuck.
For Pseudo-locking use E1616 - Loss of Range of Motion.",MedDRA:10061258:Joint lock,,,New,Term added for Release Number 2024. See no. 72 of Change Log,E16|E1616|E161605,,
,Malunion of Bone,,4529,C118393,E1617,"Faulty healing of bone, resulting in improper anatomical alignment.",MedDRA:10026729:Malunion of fracture,,,,,E16|E1617,,
,Metal Related Pathology,,4530,C172007,E1618,"
Also known as Metallosis. Includes trunnionosis, aseptic fibrosis or local necrosis secondary to metal corrosion and release of wear debris. ",MedDRA:10081986:Periprosthetic metallosis,,,,"Definition was modified on 27 January 2022 (Old definition: Aseptic fibrosis or local necrosis secondary to metal corrosion and release of wear debris. It's also known as Metallosis.). For details, see comment No. 114 / 203 of the Change Log (Release Number 2022).",E16|E1618,,
,Muscle Hypotonia,,4531,C87070,E1619,Abnormally low level of muscle tone.,MedDRA:10081180:Muscle hypotonia,,,,,E16|E1619,,
,Muscle/Tendon Damage,,4532,C110943,E1620,Any injury to muscle or tendon tissue including strains.,MedDRA:10028314:Muscle injury,,,,,E16|E1620,,
,Muscle Weakness/Atrophy,,1967,C187271,E1621,A reduction in the strength and/or mass of one or more muscles.,MedDRA:10028350:Muscle weakness,Musculoskeletal System,Nervous System,,"Term/Definition was modified on 27 January 2022 (Old term/definition: Muscle Weakness: A reduction in the strength of one or more muscles.) For details, see comment No. 120 of the Change Log (Release Number 2022).",E16|E1621,,
,Myalgia,,2238,C27009,E1622,Pain sensation originating from a muscle or group of muscles.,MedDRA:10028411:Myalgia,Musculoskeletal System,Generalized Disorders,,,E16|E1622,,
,Neck Pain,,2433,C50663,E1623,Pain in the neck area.,MedDRA:10028836:Neck pain,Musculoskeletal System,Generalized Disorders,,,E16|E1623,,
,Neck Stiffness,,2434,C50664,E1624,"Limited mobility of the neck, usually accompanied by pain.",MedDRA:10028843:Neck stiffness,,,,,E16|E1624,,
,Nonunion/Delayed-union Bone Fracture,,2369,C50529,E1625,Broken bone that doesn't heal or is delayed in healing.,MedDRA:10017081:Fracture delayed union,,,,"Term/Definition was modified on 27 January 2022 (Old term/definition: Nonunion Bone Fracture: Broken bone that doesn't heal.) MedDRA mapping also updated from Nonunion of fracture(10029746) to Fracture delayed union(10017081). For details, see comment No. 117 of the Change Log (Release Number 2022).",E16|E1625,,
,Extraskeletal ossification,,1428,C206674,E1626,"The formation of bone or of a bony substance outside the normal skeleton. Includes ectopic or heterotopic ossification, myositis ossificans.",MedDRA:10049811:Extraskeletal ossification,,,Modified (technical),Term and Definition and MedDRA map modified for Release Number 2024. Previous term was Ossification. Previous MedDRA map was 10065453:Ectopic ossification. See no. 73 of Change Log.,E16|E1626,,
,Osteolysis,,2377,C50681,E1627,Dissolution of bone; applied especially to the removal or loss of the calcium of bone.,MedDRA:10031248:Osteolysis,,,,,E16|E1627,,
,Osteomyelitis,,4533,C27577,E1628,Infection of bone or bone marrow.,MedDRA:10031252:Osteomyelitis,Musculoskeletal System,Infections,,,E16|E1628,,
,Osteopenia/ Osteoporosis,,2651,C50910,E1629,Decreased calcification or density of bone tissue.,MedDRA:10049088:Osteopenia,,,,,E16|E1629,,
,Polymyositis,,1992,C26925,E1630,An idiopathic inflammatory disorder affecting the muscles. It presents with symmetrical proximal muscle weakness and elevated skeletal muscle enzymes.,MedDRA:10036102:Polymyositis,,,,,E16|E1630,,
,Spinal Column Injury,,2081,C50751,E1631,Damage to the bones of the spine.,MedDRA:10069689:Spinal column injury,Musculoskeletal System,Injury,,,E16|E1631,,
,Synovitis,,2094,C50766,E1632,Inflammation of a synovial membrane.,MedDRA:10042868:Synovitis,Musculoskeletal System,Infections,,,E16|E1632,,
,Tooth Fracture,,2428,C50777,E1633,Breakage of any portion of the tooth.,MedDRA:10062544:Tooth fracture,Musculoskeletal System,Injury,,,E16|E1633,,
,Unequal Limb Length,,4534,C78657,E1634,Discrepancy between the lengths of the lower or upper extremities.,MedDRA:10065738:Unequal limb length,,,,,E16|E1634,,
,Unspecified Musculoskeletal problem,,4535,C110937,E1635,"The report describes a non-specific problem with the musculoskeletal system. Note: Please use ""Appropriate Term / Code Not Available"" if the report describes a specific problem but the relevant term does not exist.",,,,,Term was added on 18 March 2020 for cases where the category of a health effect was reported but with no further details.,E16|E1635,,
,Tooth Loss,,4831,C187368,E1636,One or more teeth lost/dislodged from the mouth.,MedDRA:10044044:Tooth loss,,,,"Term was added on 27 January 2022. For details, see comment No. 218 of the Change Log (Release Number 2022).",E16|E1636,,
,Bursitis,,4832,C94407,E1637,Inflammation of the fluid-filled pad (bursa).,MedDRA:10006811:Bursitis,,,,"Term was added on 27 January 2022. For details, see comment No. 112 of the Change Log (Release Number 2022).",E16|E1637,,
,Cartilage damage,,4833,C35606,E1638,Damage of cartilage.,MedDRA:10007705:Cartilage damage,,,,"Term was added on 27 January 2022. For details, see comment No. 113 of the Change Log (Release Number 2022).",E16|E1638,,
,Joint Impingement,,4834,C187369,E1639,"Impingement relating to joints. Can be e.g. implant-on-bone, implant-on-soft tissue, or implant-on-implant impingement. ",MedDRA:10087218:Joint impingement,,,,"Term was added on 27 January 2022. For details, see comment No. 119 of the Change Log (Release Number 2022).",E16|E1639,,
,Mastoiditis,,4835,C128368,E1640,An infection of the bony air cells in the mastoid bone.,MedDRA:10026900:Mastoiditis,Musculoskeletal System,Infections,,"Term was added on 27 January 2022. For details, see comment No. 241 of the Change Log (Release Number 2022).",E16|E1640,,
,Limb Pain,,4836,C187370,E1641,Pain in the arms and/or legs.,MedDRA:10033447:Pain in limb ,,,,"Term was added on 27 January 2022. For details, see comment No. 57 / 187 of the Change Log (Release Number 2022).",E16|E1641,,
,Spinal deformity,,4886,C99064,E1642,Abnormal curvature and/or alignment of the spine.,MedDRA:10058907:Spinal deformity,,,New,Term added for Release Number 2024. See no. 18 of Change Log,E16|E1642,,
,Tendinopathy,,4887,C206544,E1643,"Overuse tendon injuries characterized by a combination of pain, diffuse or localized swelling, and impaired performance. Problems include tendonitis/tendinitis and tendinosis, as well as tendon tears and inflammation of membranes around a tendon",MedDRA:10080130:Tendinopathy,,,New,Term added for Release Number 2024. See no. 68 of Change Log,E16|E1643,,
,Compartment syndrome,,4888,C118422,E1644,"Condition in which a closed muscle compartment's pressure increases to such an extent that the circulation is diminished, e.g. due to decrease in a compartment volume or an increase in the contents of a compartment, or both.",MedDRA:10010121:Compartment syndrome,Musculoskeletal System,Vascular System,New,Term added for Release Number 2024. See no. 74 of Change Log,E16|E1644,,
,Hemarthrosis,,4889,C206552,E1645,Bleeding into the joints,MedDRA:10019409:Hemarthrosis,Musculoskeletal System,Vascular System,New,Term added for Release Number 2024. See no. 75 of Change Log,E16|E1645,,
,Bone Notching,,4890,C206536,E1646,An indentation made at the edge of the bone without bone breakage.,MedDRA:10057328:Bone Injury,Musculoskeletal System,Procedural Complications,New,Term added for Release Number 2024. See no. 76 of Change Log,E16|E1646,,
,Exostosis (bone),,4891,C3029,E1647,"Benign hypertrophy that projects outward from the surface of bone, often containing a cartilaginous component, such as bone spurs/osteophytes. ",MedDRA:10015688:Exostosis,,,New,Term added for Release Number 2024. See no. 77 of Change Log,E16|E1647,,
,Acetabular protrusion,,4892,C206568,E1648,Acetabular defect with a shift of the femoral head through the pelvic bone.,MedDRA:10045982:Unspecified intrapelvic protrusion of acetabulum,,,New,Term added for Release Number 2024. See no. 90 of Change Log,E16|E1648,,
,Crepitus,,4893,C121573,E1649,"Grating sound or sensation produced by friction between e.g. bone, cartilage, fractured parts of a bone.",MedDRA:10051374:Joint crepitation,,,New,Term added for Release Number 2024. See no. 91 of Change Log,E16|E1649,,
,Arthropathy,,4894,C35760,E1650,"Diseases and disorders of a joint (e.g. Rotator cuff arthropathy, cuff tear arthropathy (CTA)) 
More specific codes and terms should be used where they exist e.g. E1602 - Arthritis",MedDRA:10003285:Arthropathy,,,New,Term added for Release Number 2024. See no. 103 of Change Log,E16|E1650,,
,Back pain,,4895,C41830,E1651,Pain in any part of the back.,MedDRA:10003988:Back pain,Musculoskeletal System,Generalized Disorders,New,Term added for Release Number 2024. See no. 107 of Change Log,E16|E1651,,
,Loss of fracture reduction,,4901,C206538,E2126,Loss of anatomical alignment after fracture reduction.,MedDRA:10069723:Loss of anatomical alignment after fracture reduction,Procedural Complications,Musculoskeletal System,New,Term added for Release Number 2024. See no. 65 of Change Log,E16|E2126,,
,Periprosthetic fracture,,4902,C206548,E2127,Fractures around joint replacement prosthetics or implants. These can occur intraoperatively or postoperatively.,MedDRA:10069135:Periprosthetic fracture,Procedural Complications,Musculoskeletal System,New,Term added for Release Number 2024. See no. 67 of Change Log,E16|E2127,,
,Ambulation or Postural Difficulties,,2544,C193465,E2302,"Any persistent problem with walking, gait or maintaining posture (sitting, standing).",MedDRA:10047810:Walking difficulty,Generalized Disorders,Musculoskeletal System,,"Term/Definition was modified on 31 January 2023 (Old term/definition: Ambulation Difficulties: Any persistent problem with walking or gait.) For details, see comment No. 98 of the Change Log (Release Number 2023).",E16|E2302,,
Skin and Subcutaneous Tissue,,,,,E17,Skin and Subcutaneous Tissue,,,,Not selectable,Please use more detailed term within the hierarchy,E17,,
,Abrasion,,1689,C50449,E1701,Superficial damage to the skin caused by rubbing or scraping.,MedDRA:10080919:Abrasion,Skin and Subcutaneous Tissue,Injury,,,E17|E1701,,
,Angioedema,,4536,C112175,E1702,Rapid swelling of the deep layers of the skin due to transient vascular leakage of serous fluid.,MedDRA:10002424:Angioedema,Skin and Subcutaneous Tissue,Generalized Disorders,,,E17|E1702,,
,Blister,,4537,C75564,E1703,A collection of fluid underneath the top layer of skin.,MedDRA:10005191:Blister,,,,,E17|E1703,,
,Burn(s),,1757,C34441,E1704,"An injury or tissue damage caused by exposure to caustic chemicals, extreme heat, extreme cold or excessive radiation.",MedDRA:10006634:Burn,Skin and Subcutaneous Tissue,Injury,,,E17|E1704,,
,,Bowel Burn,1756,C50473,E1005,A thermal injury to the bowels.,MedDRA:10082501:Intestinal burn,Gastrointestinal System,Injury,,,E17|E1704|E1005,,
,,Gastroesophageal Burn,4475,C171982,E1013,"Thermal, chemical or radiation injury to stomach or esophagus.",MedDRA:10082500:Gastroesophageal burn,Gastrointestinal System,Injury,,,E17|E1704|E1013,,
,,Caustic/Chemical Burns,2549,C34442,E170401,A burn caused by exposure to chemical substances.,MedDRA:10008420:Chemical burn,Skin and Subcutaneous Tissue,Injury,,,E17|E1704|E170401,,
,,Cryogenic Burn,4539,C171960,E170402,Local tissue damage due to exposure to extreme cold.,MedDRA:10081985:Cold burn,Skin and Subcutaneous Tissue,Injury,,,E17|E1704|E170402,,
,,Radiation Burn,1755,C50722,E170403,"A burn caused by exposure to x-ray, radium, sunlight, ionizing radiation or any other type of radiant energy.",MedDRA:10063640:Radiation burn,Skin and Subcutaneous Tissue,Injury,,,E17|E1704|E170403,,
,,Superficial (First Degree) Burn,2685,C76130,E170404,"A burn that affects the epidermis only, causing erythema without blistering.",MedDRA:10016700:First degree burns,Skin and Subcutaneous Tissue,Injury,,,E17|E1704|E170404,,
,,Partial thickness (Second Degree) Burn,2694,C76131,E170405,A burn that affects the epidermis and the dermis.,MedDRA:10039798:Second degree burns,Skin and Subcutaneous Tissue,Injury,,,E17|E1704|E170405,,
,,Full thickness (Third Degree) Burn,2696,C76132,E170406,A burn to the skin that extends into deeper layers and underlying tissues.,MedDRA:10043441:Third degree burns,Skin and Subcutaneous Tissue,Injury,,,E17|E1704|E170406,,
,Burning Sensation,,2146,C50476,E1705,"A sensation of stinging or heat, not necessarily accompanied by redness or physical signs of irritation.",MedDRA:10006784:Burning sensation,Skin and Subcutaneous Tissue,Generalized Disorders,,,E17|E1705,,
,,Skin Burning Sensation,4540,C35297,E170501,"A sensation of dermal stinging or heat, not necessarily accompanied by redness or physical signs of skin irritation.",MedDRA:10054786:Skin burning sensation,Skin and Subcutaneous Tissue,Generalized  Disorders,,,E17|E1705|E170501,,
,Cancer Cells Dissemination,,4541,C172041,E1706,Spreading benign or malignant tissue during medical procedures.,MedDRA:10082075:Iatrogenic metastasis,,,,,E17|E1706,,
,Itching Sensation,,1943,C3344,E1708,An irritating feeling that produces the desire to scratch.,MedDRA:10023084:Itching,,,,,E17|E1708,,
,Jaundice,,2187,C3143,E1709,"Yellow pigmentation of the skin, mucous membranes, and the eyes due to hyperbilirubinemia.",MedDRA:10023126:Jaundice,,,,,E17|E1709,,
,Localized Skin Lesion,,4542,C39688,E1710,A pathologic process that affects the skin and is confined to a specific area.,MedDRA:10040882:Skin lesion,,,,,E17|E1710,,
,Peeling,,1999,C50691,E1711,"A peeling off or loss of epidermis, as in sunburn, postscarlatinal peeling, or toxic epidermal necrolysis.",MedDRA:10034218:Peeling,,,,,E17|E1711,,
,Phototoxicity,,2165,C50698,E1712,"A nonimmunologic, chemically induced type of photosensitivity.",MedDRA:10034977:Phototoxicity,,,,,E17|E1712,,
,Pocket Erosion,,2013,C50699,E1713,Erosion of patient's tissue pocket which houses a device.,MedDRA:10035771:Pocket erosion,Skin and Subcutaneous Tissue,Injury,,,E17|E1713,,
,Rash,,2033,C39594,E1714,An eruption in the skin which effects its appearance and/or texture.,MedDRA:10037844:Rash,,,,,E17|E1714,,
,Scar Tissue,,2060,C50737,E1715,Formation of new tissue formed in the healing of a wound.,MedDRA:10039580:Scar,,,,,E17|E1715,,
,,Abnormal scarring,4896,C27549,E171501,Excessive or unusual scarring related to impaired wound healing (e.g. Keloid or Hypertrophic scar),MedDRA:10080564:Abnormal scarring,,,New,Term added for Release Number 2024. See no. 108 and 109 of Change Log,E17|E1715|E171501,,
,Skin Discoloration,,2074,C3327,E1716,any abnormal change in skin coloration.,MedDRA:10040828:Skin discoloration,,,,,E17|E1716,,
,,Erythema,1840,C26901,E171601,Red discoloration of the skin.,MedDRA:10015150:Erythema,,,,,E17|E1716|E171601,,
,,Hyperpigmentation,4837,C79731,E171602,Darkening of the skin due to excessive melanin deposition.,MedDRA:10040865:Skin hyperpigmentation,,,,"Term was added on 27 January 2022. For details, see comment No. 105 of the Change Log (Release Number 2022).",E17|E1716|E171602,,
,,Hypopigmentation,4838,C78610,E171603,Abnormal lightening of skin due to decreased melanin production or deposition. ,MedDRA:10040868:Skin hypopigmentation,,,,"Term was added on 27 January 2022. For details, see comment No. 106 of the Change Log (Release Number 2022).",E17|E1716|E171603,,
,Skin Disorders,,4543,C3371,E1717,Affecting the skin.,MedDRA:10040831:Skin disorder,,,,,E17|E1717,,
,Skin Erosion,,2075,C50845,E1718,A gradual breakdown or very shallow ulceration of the skin which involves only the epidermis and heals without scarring.,MedDRA:10040840:Skin erosion,Skin and Subcutaneous Tissue,Injury,,,E17|E1718,,
,Skin Infection,,4544,C35025,E1719,"An inflammatory process affecting the skin, caused by bacteria, viruses, parasites, or fungi.",MedDRA:10040872:Skin infection,Skin and Subcutaneous Tissue,Infections,,,E17|E1719,,
,Skin Inflammation/ Irritation,,4545,C2983,E1720,"An inflammatory process affecting the skin. Signs include red rash, itching, and blister formation. Representative examples are contact dermatitis, atopic dermatitis, and seborrheic dermatitis.",MedDRA:10062249:Skin inflammation,,,,,E17|E1720,,
,,Abscess,1690,C26686,E172001,An inflammatory process characterized by the accumulation of pus within a newly formed tissue cavity.,MedDRA:10000269:Abscess,Skin and Subcutaneous Tissue,Infections,,,E17|E1720|E172001,,
,,Cellulitis,1768,C26715,E172002,Inflammation of the dermis and subcutaneous tissues caused by a bacterial infection.,MedDRA:10007882:Cellulitis,Skin and Subcutaneous Tissue,Infections,,,E17|E1720|E172002,,
,,Contact Dermatitis,4546,C26743,E172003,An inflammatory skin condition caused by direct contact between the skin and either an irritating substance or an allergen.,MedDRA:10056540:Dermatitis irritant contact,,,,,E17|E1720|E172003,,
,,Eczema,4547,C3001,E172004,"A form of dermatitis characterized by red, itchy, scaly, or crusty patches that can be chronic or intermittent.",MedDRA:10014184:Eczema,,,,,E17|E1720|E172004,,
,,Radiodermatitis,2255,C3349,E172005,A cutaneous inflammatory reaction occurring as a result of exposure to biologically effective levels of ionizing radiation.,MedDRA:10061103:Dermatitis radiation,,,,,E17|E1720|E172005,,
,,Urticaria,2278,C3432,E172006,"A transient, itchy skin eruption characterized by wheals with pale interiors and red margins.",MedDRA:10046735:Urticaria,,,,,E17|E1720|E172006,,
,,Wheal(s),2241,C50811,E172007,"A smooth, slightly elevated area on the body surface, which is redder or paler than the surrounding skin.",MedDRA:10047918:Wheals,,,,,E17|E1720|E172007,,
,,Granuloma,1876,C3064,E2317,"An inflammatory reaction usually caused by infectious organisms, foreign bodies, or cholesterol deposits. It is characterized by the presence of epithelioid histiocytes and chronic inflammation.",MedDRA:10018691:Granuloma,Generalized Disorders,Skin and Subcutaneous Tissue,,,E17|E1720|E2317,,
,Skin Tears,,2516,C50744,E1721,A break in skin tissue caused by friction or shearing.,MedDRA:10048704:Skin tear,,,,,E17|E1721,,
,Subcutaneous Nodule,,4548,C39618,E1722,A small palpable abnormal mass in the subcutaneous tissues.,MedDRA:10042348:Subcutaneous nodule,,,,,E17|E1722,,
,Wrinkling,,2613,C50435,E1723,"A folding, ridge or creasing of the skin.",MedDRA:10048043:Wrinkling,,,,,E17|E1723,,
,Dry Skin,,4839,C74592,E1724,Skin that has become dry in texture and flaky.,MedDRA:10013786:Dry skin,,,,"Term was added on 27 January 2022. For details, see comment No. 101 of the Change Log (Release Number 2022).",E17|E1724,,
,Injection Site Pooling,,4840,C187371,E1725,"Liquid or a pocket of air trapped under the skin, typically due to injection problems. Does not include inflammation.",MedDRA:10053425:Injection site swelling ,,,,"Term was added on 27 January 2022. For details, see comment No. 200 / 201 of the Change Log (Release Number 2022).",E17|E1725,,
,Skin Maceration,,4841,C83472,E1726,Softening of tissue by the action of a liquid. Occurs at the wound site/surrounding areas due to excessive moisture from exudate or products applied.,MedDRA:10048625:Skin maceration,,,,"Term was added on 27 January 2022. For details, see comment No. 104 of the Change Log (Release Number 2022).",E17|E1726,,
,Wound Odor,,4866,C193445,E1727,"Malodor of the wound or skin not otherwise explained. Can include odors due to necrosis, bioburden or other barriers to wound healing.",MedDRA:10069389:Wound odor,,,,"Term was added on 31 January 2023. For details, see comment No. 94 of the Change Log (Release Number 2023).",E17|E1727,,
,Nail disorder,,4897,C95556,E1728,"Abnormality of the nail, such as problems with the color, shape, texture, or thickness of the fingernails or toenails. ",MedDRA:10028694:Nail disorder,,,New,Term added for Release Number 2024. See no. 12 of Change Log,E17|E1728,,
,Easy Bruising,,4558,C119027,E2005,Appearance of bruises spontaneously or following minimal contact.,MedDRA:10076258:Tendency to bruise easily,Injury,Skin and Subcutaneous Tissue,,,E17|E2005,,
"Neoplasms Benign, Malignant and Unspecified",,,,,E18,"Neoplasms Benign, Malignant and Unspecified",,,,Not selectable,Please use more detailed term within the hierarchy,E18,,
,Cancer,,3262,C9305,E1801,"A group of diseases in which abnormal cells divide without control, invade nearby tissues and may also spread to other parts of the body through the blood and lymph systems.",MedDRA:10007050:Cancer,,,,,E18|E1801,,
,,Breast Cancer,1759,C4872,E180101,A malignant neoplasm that develops or arises in breast tissue.,MedDRA:10006187:Breast cancer,,,,,E18|E1801|E180101,,
,,Breast Implant Associated Anaplastic Large Cell Lymphoma (BIA ALCL),4549,C139012,E180102,"A non-Hodgkin lymphoma which is associated with breast implants, and consists of large anaplastic cells. The WHO diagnostic criteria for BIA-ALCL includes positive expression of CD30 (CD30+) and negativity for anaplastic lymphoma kinase (ALK-).",MedDRA:10082495:Breast implant-associated anaplastic large cell lymphoma,,,,"Definition was modified on 27 January 2022 (Old definition: A peripheral (mature) T-cell lymphoma, consisting of usually large anaplastic, CD30 positive cells. The majority of cases are positive for the anaplastic large cell lymphoma (ALK) protein.). For details, see comment No. 9 of the Change Log (Release Number 2022).",E18|E1801|E180102,,
,,Leiomyosarcoma,4550,C3158,E180103,"A malignant tumor of smooth muscle cells that can arise almost anywhere in the body but is most common in the uterus, abdomen, or pelvis.",MedDRA:10024189:Leiomyosarcoma,,,,,E18|E1801|E180103,,
,,Lymphoma,3263,C3208,E180104,"A malignant (clonal) proliferation of B- lymphocytes or T- lymphocytes which involves the lymph nodes, bone marrow and/or extranodal sites. This category includes Non-Hodgkin lymphomas and Hodgkin lymphomas.",MedDRA:10025310:Lymphoma,,,,,E18|E1801|E180104,,
,Cyst(s),,1800,C50520,E1802,A sac-like closed membranous structure that may be empty or contain fluid or amorphous material.,MedDRA:10011732:Cyst,,,,,E18|E1802,,
,Nodule,,4551,C3280,E1803,"A small lump, swelling or collection of tissue.",MedDRA:10054107:Nodule,,,,,E18|E1803,,
,Solid Tumour,,4552,C9292,E1804,"Abnormal mass of tissue that usually does not contain cysts or liquid areas. Solid tumours may be benign (not cancerous), or malignant (cancerous). Different types of solid tumours are named for the type of cells that form them. If tumours are associated with those under the term cancer, these terms should be used.",MedDRA:10065252:Solid tumor,,,,,E18|E1804,,
,Non-malignant Neoplasm,,4842,C163003,E1805,A new and abnormal growth of tissue in a part of the body which is not indicative of malignant disorder. Can include benign tumors. ,MedDRA:10060999:Benign neoplasm,,,,"Term was added on 27 January 2022. For details, see comment No. 109 of the Change Log (Release Number 2022).",E18|E1805,,
Infections,,,,,E19,Infections,,,,Not selectable,Please use more detailed term within the hierarchy,E19,,
,Encephalitis,,2429,C26760,E0114,An acute inflammatory process affecting the brain parenchyma.,MedDRA:10014581:Encephalitis,Nervous System,Infections,,,E19|E0114,,
,Meningitis,,2389,C26828,E0121,A disorder characterized by acute inflammation of the meninges of the brain and/or spinal cord.,MedDRA:10027199:Meningitis,Nervous System,Infections,,,E19|E0121,,
,Sepsis,,2067,C3364,E0306,"The presence of pathogenic microorganisms in the blood stream causing a rapidly progressing systemic reaction that may lead to shock. Symptoms include fever, chills, tachycardia, and increased respiratory rate. It is a medical emergency that requires urgent medical attention.",MedDRA:10040047:Sepsis,Blood and Lymphatic System,Infections,,,E19|E0306,,
,Endocarditis,,1834,C34582,E0610,Inflammation of the endocardium.,MedDRA:10014665:Endocarditis,Heart,Infections,,,E19|E0610,,
,Pneumonia,,2011,C3333,E0733,An acute and/or chronic inflammation focally or diffusely affecting the lung parenchyma.,MedDRA:10035664:Pneumonia,Respiratory System,Infections,,,E19|E0733,,
,,Bronchopneumonia,2437,C26710,E073301,Acute inflammation of the walls of the terminal bronchioles.,MedDRA:10006469:Bronchopneumonia,Respiratory System,Infections,,,E19|E0733|E073301,,
,Respiratory Tract Infection,,2420,C35650,E0744,An infectious disease affecting the respiratory tract.,MedDRA:10062352:Respiratory tract infection,Respiratory System,Infections,,,E19|E0744,,
,Chemosis,,1775,C50490,E0803,Edema of the mucous membrane of the eyeball and eyelid lining.,MedDRA:10008435:Chemosis,Eye,Infections,,,E19|E0803,,
,Endophthalmitis,,1835,C34586,E0816,Inflammation of the intraocular fluids or tissues usually with microbial organisms.,MedDRA:10014801:Endophthalmitis,Eye,Infections,,,E19|E0816,,
,Eye Infections,,4466,C45372,E0818,"An infection of any part of the eye, including the eyelid.",MedDRA:10015929:Eye infection,Eye,Infections,,,E19|E0818,,
,,Intraocular Infection,1933,C50617,E081801,Infection within the eye.,MedDRA:10054762:Eye infection intraocular,Eye,Infections,,,E19|E0818|E081801,,
,Pancreatitis,,4481,C3306,E1021,Inflammation of the pancreas.,MedDRA:10033645:Pancreatitis,Gastrointestinal System,Infections,,,E19|E1021,,
,Peritonitis,,2252,C26849,E1024,Inflammation of the peritoneum due to infection by bacteria or fungi.,MedDRA:10034674:Peritonitis,Gastrointestinal System,Infections,,,E19|E1024,,
,Hepatitis,,1897,C3095,E1102,"Inflammation of the liver; usually from a viral infection, but sometimes from toxic agents.",MedDRA:10056522:Hepatic infection,Hepatic and Biliary System,Infections,,,E19|E1102,,
,Urinary Tract Infection,,2120,C50791,E1310,"An inflammatory process affecting any part of the urinary tract, most commonly the bladder or the urethra.",MedDRA:10046571:Urinary tract infection,Kidney and Urinary Tract,Infections,,,E19|E1310,,
,,Kidney Infection,4502,C34965,E131001,An inflammatory process affecting the kidney.,MedDRA:10023424:Kidney infection,Kidney and Urinary Tract,Infections,,,E19|E1310|E131001,,
,Toxic Shock Syndrome,,2108,C35498,E1414,A rare acute life-threatening systemic bacterial noncontagious illness caused by staphylococcal exotoxins.,MedDRA:10044248:Toxic shock syndrome,Reproductive System and Breast,Infections,,,E19|E1414,,
,Chorioamnionitis,,1777,C26720,E1504,"An infection involving chorion, amnion and amniotic fluid; generally, there is also involve placental villi and from decidua.",MedDRA:10008755:Chorioamnionitis,"Pregnancy, Childbirth and the Puerperium",Infections,,,E19|E1504,,
,Fibromyositis,,1860,C50566,E1609,Inflammation and fibrous degeneration of a muscle.,MedDRA:10063041:Fibromyositis,Musculoskeletal System,Infections,,,E19|E1609,,
,Osteomyelitis,,4533,C27577,E1628,Infection of bone or bone marrow.,MedDRA:10031252:Osteomyelitis,Musculoskeletal System,Infections,,,E19|E1628,,
,Synovitis,,2094,C50766,E1632,Inflammation of a synovial membrane.,MedDRA:10042868:Synovitis,Musculoskeletal System,Infections,,,E19|E1632,,
,Skin Infection,,4544,C35025,E1719,"An inflammatory process affecting the skin, caused by bacteria, viruses, parasites, or fungi.",MedDRA:10040872:Skin infection,Skin and Subcutaneous Tissue,Infections,,,E19|E1719,,
,Abscess,,1690,C26686,E172001,An inflammatory process characterized by the accumulation of pus within a newly formed tissue cavity.,MedDRA:10000269:Abscess,Skin and Subcutaneous Tissue,Infections,,,E19|E172001,,
,Cellulitis,,1768,C26715,E172002,Inflammation of the dermis and subcutaneous tissues caused by a bacterial infection.,MedDRA:10007882:Cellulitis,Skin and Subcutaneous Tissue,Infections,,,E19|E172002,,
,Bacterial Infection,,1735,C2890,E1901,An acute infectious disorder caused by gram positive or gram negative bacteria.,MedDRA:10060945:Bacterial infection,,,,,E19|E1901,,
,,Drug Resistant Bacterial Infection,4553,C172076,E190101,"An infection that is resistant to antibiotics and antimicrobials, for example, MRSA or VRE.",MedDRA:10004052:Bacterial resistance,,,,,E19|E1901|E190101,,
,,Pyogenic Infection,4554,C50719,E190102,An infection caused by pus-producing organisms.,MedDRA:10021861:Infection pyogenic,,,,,E19|E1901|E190102,,
,,Toxemia,2207,C50780,E190103,The condition resulting from the spread of bacterial products (toxins) by the bloodstream.,MedDRA:10059857:Toxemia,Infections,"Pregnancy, Childbirth and the Puerperium",,,E19|E1901|E190103,,
,Fungal Infection,,2419,C3245,E1902,An infection caused by a fungus.,MedDRA:10017533:Fungal infection,,,,,E19|E1902,,
,Sexually Transmitted Infection,,4555,C3365,E1903,A disease acquired predominantly through sexual contact.,MedDRA:10068720:Sexually transmitted infection,,,,,E19|E1903,,
,Subclinical Infection,,2247,C50758,E1904,Infection associated with no detectable signs or symptoms but caused by microorganisms capable of producing easily recognizable diseases.,MedDRA:10068163:Subclinical infection,,,,"The definition was changed on 21 January 2021 (Old definition: Infection associated with no detectable symptoms but caused by microorganisms capable of producing easily recognizable diseases.). For details, refer to comment No. 8 of the Change Log).",E19|E1904,,
,Transmissible Spongiform Encephalopathy(TSE),,4556,C128346,E1905,A group of rare degenerative brain disorders associated with prions for example Creutzfeldt-Jakob disease (CJD) or Bovine Spongiform Encephalopathy (BSE).,MedDRA:10080750:Transmissible spongiform encephalopathy,,,,Editorial change to the definition on 16 February 2021.,E19|E1905,,
,Unspecified Infection,,1930,C26726,E1906,"The report describes a non-specific or unidentified infection. Note: Please use the appropriate term if the report describes a specific infection. i.e. Bacterial Infection E1901, Fungal Infection E1902, Viral Infection E1907, or a relevant Level 3 term where more detail is available.",MedDRA:10021789:Infection,,,,"Editorial change to the definition on 18 March 2020 for consistency with other ""Unspecified ____"" definitions.",E19|E1906,,
,Viral Infection,,2248,C3439,E1907,Any disease caused by a virus.,MedDRA:10047461:Viral infection,,,,,E19|E1907,,
,,Cytomegalovirus (CMV) Infection,2220,C14196,E190701,"A genus of the family herpesviridae, subfamily betaherpesvirinae, infecting the salivary glands, liver, spleen, lungs, eyes, and other organs, in which they produce characteristically enlarged cells with intranuclear inclusions.",MedDRA:10011831:Cytomegalovirus infection,,,,,E19|E1907|E190701,,
,Wound Infection,,2447,C50705,E2012,Infection of a wound. This does not include post surgical wound infection.,MedDRA:10048038:Wound Infection,Injury,Infections,,"Term/Definition was modified on 31 January 2023 (Old term/definition: Post Traumatic Wound Infection: Infection of a wound following trauma. This does not include post surgical wound infection.) MedDRA mapping also updated from Post-traumatic wound infection (10036317) to Wound Infection (10048038). For details, see comment No. 95 of the Change Log (Release Number 2023).",E19|E2012,,
,Post Operative Wound Infection,,2446,C50704,E2115,Infection of a surgical skin incision.,MedDRA:10036410:Postoperative wound infection,Procedural Complications,Infections,,,E19|E2115,,
,Bacteremia,,4846,C102993,E2205,"Condition that relates to the presence of viable bacteria in the bloodstream, whether associated with active disease or not.",MedDRA:10003999:Bacteremia,Investigations and Diagnostic Tests,Infections,,"Term was added on 27 January 2022. For details, see comment No. 49 of the Change Log (Release Number 2022).",E19|E2205,,
,Sinusitis,,4844,C35024,E2122,"Inflammation (swelling and redness) of the paranasal sinuses, associated or related to implantation procedures or devices.",MedDRA:10040753:Sinusitis,Procedural Complications,Infections,,"Term was added on 27 January 2022. For details, see comment No. 240 of the Change Log (Release Number 2022).",E19|E2122,,
,Medical device site infection,,4845,C78255,E2123,Infection local to an implanted or invasive medical device.,MedDRA:10075580:Medical device site infection,Procedural Complications,Infections,Modified (technical),"Term was added on 27 January 2022. For details, see comment No. 122 of the Change Log (Release Number 2022).
Term and Definition and MedDRA map modified for Release Number 2024. Previous term was Peri-prosthetic Joint Infection. Previous MedDRA map was 10076118:Medical device site joint infection. See no. 10 of Change Log.",E19|E2123,,
,Ear infection,,4813,C27193,E0908,Infection of the ear.,MedDRA:10014011:Ear infection,Ear and Labyrinth,Infections,,"Term was added on 27 January 2022. For details, see comment No. 223 of the Change Log (Release Number 2022).",E19|E0908,,
,,Infectious Otitis Externa,4814,C3299,E090801,An infectious process involving the outer ear and ear canal.,MedDRA:10033072:Otitis externa,Ear and Labyrinth,Infections,,Editorial change to the term on 31 January 2023.,E19|E0908|E090801,,
,,Infectious Otitis Media,4815,C84354,E090802,"An infectious process involving the middle ear, includes acute otitis media, chronic otitis media, chronic suppurative otitis media, otitis media with effusion (OME), etc.",MedDRA:10033078:Otitis media,Ear and Labyrinth,Infections,,Editorial change to the term on 31 January 2023.,E19|E0908|E090802,,
,Labyrinthitis,,4817,C128369,E0910,An inflammation of the labyrinth in the inner ear that causes dizziness and reduced or distorted hearing. ,MedDRA:10023567:Labyrinthitis,Ear and Labyrinth,Infections,,"Term was added on 27 January 2022. For details, see comment No. 233 of the Change Log (Release Number 2022).",E19|E0910,,
,Mastoiditis,,4835,C128368,E1640,An infection of the bony air cells in the mastoid bone.,MedDRA:10026900:Mastoiditis,Musculoskeletal System,Infections,,"Term was added on 27 January 2022. For details, see comment No. 241 of the Change Log (Release Number 2022).",E19|E1640,,
Injury,,,,,E20,Injury,,,,Not selectable,Please use more detailed term within the hierarchy,E20,,
,Brain Injury,,2219,C50440,E0102,Damage to the brain.,MedDRA:10060690:Traumatic brain injury,Nervous System,Injury,,,E20|E0102,,
,,Encephalocele,4402,C84687,E010201,Hernia of brain substance and meninges through a congenital or traumatic opening of the skull.,MedDRA:10014617:Encephalocele,Nervous System,Injury,,,E20|E0102|E010201,,
,Concussion,,2192,C50502,E0108,Traumatic brain injury as a result of the action of a mechanical force on the head.,MedDRA:10010254:Concussion,Nervous System,Injury,,,E20|E0108,,
,Nerve Damage,,1979,C50669,E0123,Injury to nervous tissue.,MedDRA:10029177:Nerve damage,Nervous System,Injury,,,E20|E0123,,
,,Optical Nerve Damage,1986,C50849,E012301,Injury to optical nerve.,MedDRA:10030938:Optic nerve injury,Nervous System,Injury,,,E20|E0123|E012301,,
,Nervous System Injury,,2689,C4974,E0124,Injury to the central or peripheral nervous system.,MedDRA:10080898:Nervous system injury,Nervous System,Injury,,,E20|E0124,,
,,Spinal Cord Injury,2432,C50750,E012401,Traumatic damage of the spinal cord.,MedDRA:10041552:Spinal cord injury,Nervous System,Injury,,,E20|E0124|E012401,,
,Peripheral Nervous Injury,,4414,C101250,E0128,Injury to the peripheral nervous system.,MedDRA:10034586:Peripheral nerve injury,Nervous System,Injury,,,E20|E0128,,
,Choking,,2464,C50494,E0710,Interference with respiration by obstruction of the larynx or trachea.,MedDRA:10008589:Choking,Respiratory System,Injury,,Editorial change to the definition on 16 February 2021.,E20|E0710,,
,Strangulation,,2084,C50756,E0749,"Interference with respiration by compression of the larynx, laryngopharynx or trachea, as well as of the carotid arteria or jugular veins.",MedDRA:10042169:Strangulation,Respiratory System,Injury,,,E20|E0749,,
,Eye Injury,,1845,C34602,E0819,Damage to the eye.,MedDRA:10061128:Eye injury,Eye,Injury,,,E20|E0819,,
,,Corneal Abrasion,1789,C26730,E081901,Injury to the epithelium of the cornea.,MedDRA:10010984:Corneal abrasion,,,,,E20|E0819|E081901,,
,,Eye Burn,2523,C50506,E081902,"Burn injury, including chemical burn, to any part of the eye.",MedDRA:10015911:Eye burns,Eye,Injury,,,E20|E0819|E081902,,
,,Retinal Detachment,2047,C26874,E081903,Separation of the inner retina layers from the underlying pigment epithelium.,MedDRA:10038848:Retinal detachment,,,,,E20|E0819|E081903,,
,,Retinal Injury,2048,C50731,E081904,"Damage to the retina due to toxicity, exposure to bright lights, or trauma.",MedDRA:10057430:Retinal injury,Eye,Injury,,,E20|E0819|E081904,,
,,Retinal Tear,2050,C50732,E081905,A usually small tearing of the retina occurring when the vitreous separates from the retina. It may lead to retinal detachment.,MedDRA:10038897:Retinal tear,,,,,E20|E0819|E081905,,
,,Vitreous Detachment,2445,C50807,E081906,Detachment of the vitreous humor from the retina.,MedDRA:10047650:Vitreous detachment,Eye,Procedural Complications,,,E20|E0819|E081906,,
,Peritoneal Laceration(s),,2003,C50695,E1023,A cut or tear of the peritoneum.,MedDRA:10068140:Peritoneal laceration,Gastrointestinal System,Injury,,,E20|E1023,,
,Bone Fracture(s),,1870,C3046,E1603,A traumatic or pathological injury to the bone in which the continuity of the bone is broken.,MedDRA:10017076:Fracture,Musculoskeletal System,Injury,,,E20|E1603,,
,,Hip Fracture,2349,C26794,E160301,"Traumatic or pathological injury to the hip in which the continuity of either the femoral head, femoral neck, intertrochanteric or subtrochanteric regions is broken.",MedDRA:10020100:Hip fracture,Musculoskeletal System,Injury,,,E20|E1603|E160301,,
,,Limb Fracture,4518,C172003,E160302,A traumatic break in one or more of the bones in a limb.,MedDRA:10074551:Limb fracture,Musculoskeletal System,Injury,,,E20|E1603|E160302,,
,,Multiple Fractures,4519,C26778,E160303,Two or more simultaneous traumatic breaks in one or more bones.,MedDRA:10028200:Multiple fractures,Musculoskeletal System,Injury,,,E20|E1603|E160303,,
,,Skull Fracture,2077,C50745,E160304,A traumatic or pathologic injury to the bones of the skull in which the continuity of the bones of the skull is broken.,MedDRA:10061365:Skull fracture,Musculoskeletal System,Injury,,,E20|E1603|E160304,,
,,Vertebral Fracture,4520,C80516,E160305,Traumatic or pathological injury to the spine in which the continuity of a vertebral bone is broken.,MedDRA:10047333:Vertebral fracture,Musculoskeletal System,Injury,,,E20|E1603|E160305,,
,Damage to Ligament(s),,1952,C50633,E1606,An injury to any of the fibrous bands of tissue that comprise an articulation (joint).,MedDRA:10061223:Ligament injury,Musculoskeletal System,Injury,,,E20|E1606,,
,Head Injury,,1879,C34660,E1610,A traumatic injury to the head.,MedDRA:10019196:Head injury,Musculoskeletal System,Injury,,,E20|E1610,,
,Joint Dislocation,,2374,C26750,E1614,An abnormal separation where two or more bones meet.,MedDRA:10023204:Joint dislocation,Musculoskeletal System,Injury,,,E20|E1614,,
,,Subluxation,4525,C172034,E161401,Partial dislocation of the bones in a joint.,MedDRA:10042402:Subluxation,Musculoskeletal System,Injury,,,E20|E1614|E161401,,
,Spinal Column Injury,,2081,C50751,E1631,Damage to the bones of the spine.,MedDRA:10069689:Spinal column injury,Musculoskeletal System,Injury,,,E20|E1631,,
,Tooth Fracture,,2428,C50777,E1633,Breakage of any portion of the tooth.,MedDRA:10062544:Tooth fracture,Musculoskeletal System,Injury,,,E20|E1633,,
,Abrasion,,1689,C50449,E1701,Superficial damage to the skin caused by rubbing or scraping.,MedDRA:10080919:Abrasion,Skin and Subcutaneous Tissue,Injury,,,E20|E1701,,
,Burn(s),,1757,C34441,E1704,"An injury or tissue damage caused by exposure to caustic chemicals, extreme heat, extreme cold or excessive radiation.",MedDRA:10006634:Burn,Skin and Subcutaneous Tissue,Injury,,,E20|E1704,,
,,Bowel Burn,1756,C50473,E1005,A thermal injury to the bowels.,MedDRA:10082501:Intestinal burn,Gastrointestinal System,Injury,,,E20|E1704|E1005,,
,,Gastroesophageal Burn,4475,C171982,E1013,"Thermal, chemical or radiation injury to stomach or esophagus.",MedDRA:10082500:Gastroesophageal burn,Gastrointestinal System,Injury,,,E20|E1704|E1013,,
,,Caustic/Chemical Burns,2549,C34442,E170401,A burn caused by exposure to chemical substances.,MedDRA:10008420:Chemical burn,Skin and Subcutaneous Tissue,Injury,,,E20|E1704|E170401,,
,,Cryogenic Burn,4539,C171960,E170402,Local tissue damage due to exposure to extreme cold.,MedDRA:10081985:Cold burn,Skin and Subcutaneous Tissue,Injury,,,E20|E1704|E170402,,
,,Radiation Burn,1755,C50722,E170403,"A burn caused by exposure to x-ray, radium, sunlight, ionizing radiation or any other type of radiant energy.",MedDRA:10063640:Radiation burn,Skin and Subcutaneous Tissue,Injury,,,E20|E1704|E170403,,
,,Superficial (First Degree) Burn,2685,C76130,E170404,"A burn that affects the epidermis only, causing erythema without blistering.",MedDRA:10016700:First degree burns,Skin and Subcutaneous Tissue,Injury,,,E20|E1704|E170404,,
,,Partial thickness (Second Degree) Burn,2694,C76131,E170405,A burn that affects the epidermis and the dermis.,MedDRA:10039798:Second degree burns,Skin and Subcutaneous Tissue,Injury,,,E20|E1704|E170405,,
,,Full thickness (Third Degree) Burn,2696,C76132,E170406,A burn to the skin that extends into deeper layers and underlying tissues.,MedDRA:10043441:Third degree burns,Skin and Subcutaneous Tissue,Injury,,,E20|E1704|E170406,,
,Bone Shedding Debris,,4557,C50472,E2001,Shedding of accumulated bone fragments.,MedDRA:10006011:Bone shedding debris,,,,,E20|E2001,,
,Bruise/Contusion,,1754,C37921,E2002,Injury of the soft tissues without breaking the skin that is characterized by blood leakage into the surrounding area.,MedDRA:10006502:Bruise,,,,,E20|E2002,,
,,Myocardial Contusion,1763,C50661,E0615,A bruise to the heart.,MedDRA:10068147:Myocardial contusion,Heart,Procedural Complications,,,E20|E2002|E0615,,
,Chemical Exposure,,2570,C36290,E2003,"Contact with a chemical substance through touch, inhalation, or ingestion.",MedDRA:10068154:Chemical exposure,,,,,E20|E2003,,
,Crushing Injury,,1797,C35375,E2004,Traumatic compression of the body or a part of the body.,MedDRA:10061097:Crush injury,,,,,E20|E2004,,
,Easy Bruising,,4558,C119027,E2005,Appearance of bruises spontaneously or following minimal contact.,MedDRA:10076258:Tendency to bruise easily,Injury,Skin and Subcutaneous Tissue,,,E20|E2005,,
,Erosion,,1750,C50443,E2006,"An eating away or breakdown of any type of external or internal human tissue including but not limited to skin, teeth, mucosa, or somatic, which involves only the outer tissue layer. When tissue surrounds an implanted device, the tissue breakdown may result in migration and loss of the implant material and may result in further complications such as infection or abscess.",MedDRA:10068527:Tissue erosion associated with device,,,,,E20|E2006,,
,,Pocket Erosion,2013,C50699,E1713,Erosion of patient's tissue pocket which houses a device.,MedDRA:10035771:Pocket erosion,Skin and Subcutaneous Tissue,Injury,,,E20|E2006|E1713,,
,,Skin Erosion,2075,C50845,E1718,A gradual breakdown or very shallow ulceration of the skin which involves only the epidermis and heals without scarring.,MedDRA:10040840:Skin erosion,Skin and Subcutaneous Tissue,Injury,,,E20|E2006|E1718,,
,Fall,,1848,C50558,E2007,"A sudden movement downward, usually resulting in injury.",MedDRA:10016173:Fall,,,,,E20|E2007,,
,Foreign Body In Patient,,2687,C34620,E2008,An occurrence where any object including device or fragments is left unintentionally in the body.,MedDRA:10070245:Foreign body,Injury,Procedural Complications,,,E20|E2008,,
,,Device Embedded In Tissue or Plaque,3165,C62946,E200801,Device and/or fragments of device are embedded in patient's tissue and/or plaque.,MedDRA:10074498:Embedded device,Injury,Procedural Complications,,,E20|E2008|E200801,,
,Laceration(s),,1946,C50446,E2009,A cut or tear in any tissue.,MedDRA:10023572:Laceration,,,,,E20|E2009,,
,Needle Stick/Puncture,,2462,C50665,E2010,A penetrating stab wound from a needle (or other sharp object) that may result in exposure to blood or other body fluids.,MedDRA:10028895:Needle stick/puncture,,,,,E20|E2010,,
,Physical Entrapment,,2327,C50548,E2011,Patient becomes entangled or trapped in a device.,MedDRA:10082491:Patient entrapped in device,,,,,E20|E2011,,
,Wound Infection,,2447,C50705,E2012,Infection of a wound. This does not include post surgical wound infection.,MedDRA:10048038:Wound Infection,Injury,Infections,,"Term/Definition was modified on 31 January 2023 (Old term/definition: Post Traumatic Wound Infection: Infection of a wound following trauma. This does not include post surgical wound infection.) MedDRA mapping also updated from Post-traumatic wound infection (10036317) to Wound Infection (10048038). For details, see comment No. 95 of the Change Log (Release Number 2023).",E20|E2012,,
,Rupture,,2208,C9445,E2013,Forcible tearing or disruption of tissue.,MedDRA:10080972:Tissue rupture,,,,,E20|E2013,,
,Tissue Breakdown,,2681,C61375,E2014,A process caused by injury or disease or aging and characterized by a partial/complete disruption of tissue. The disruption may be temporary or permanent and may be associated with either (1) impairment or (2) loss of function of the affected organ(s) or system(s).,MedDRA:10068521:Tissue breakdown associated with device,,,,,E20|E2014,,
,,Pressure Sores,2326,C50706,E201401,Death of tissue due to external pressure.,MedDRA:10036651:Pressure sore,,,,,E20|E2014|E201401,,
,Unspecified Tissue Injury,,4559,C98904,E2015,"The report describes a non-specific injury to the skin or subcutaneous tissue. Note: Please use ""Appropriate Term / Code Not Available"" if the report describes a specific injury but the relevant term does not exist.",MedDRA:10080903:Tissue injury,,,,"Editorial change to the definition on 18 March 2020 for consistency with other ""Unspecified ____"" definitions.",E20|E2015,,
,Perineal injury,,4898,C206570,E2016,Traumatic damage and/or injury to the perineum.,MedDRA:10073329:Perineal injury,,,New,Term added for Release Number 2024. See no. 17 of Change Log,E20|E2016,,
,Electric Shock,,2554,C50541,E2104,"A shock caused by a brief, unintentional exposure to an electric current from a device.",MedDRA:10014357:Electric shock,Procedural Complications,Injury,,,E20|E2104,,
,,Shock from Patient Lead(s),3162,C61392,E210401,Unintended electric shock from patient leads. This includes an electric shock to a healthcare professional or a patient receiving a shock to an incorrect area of their body.,MedDRA:10075322:Device inappropriate shock delivery,Procedural Complications,Injury,,,E20|E2104|E210401,,
,Exposure to Body Fluids,,1745,C50505,E2105,Exposed to or contacted with blood or body fluids of another person.,MedDRA:10068528:Exposure to device contaminated with body fluid,Procedural Complications,Injury,,,E20|E2105,,
,Radiation Sickness Syndrome,,2256,C50723,E2116,"The complex of symptoms characterizing the disease known as radiation injury, resulting from excessive exposure of the whole body (or large part) to ionizing radiation.",MedDRA:10068142:Radiation sickness syndrome,Procedural Complications,Injury,,,E20|E2116,,
Procedural Complications,,,,,E21,Procedural Complications,,,,Not selectable,Please use more detailed term within the hierarchy,E21,,
,Dural Tear,,1417,C206558,E0144,"Injury to the dura mater, with or without damage to any other layer of the meninges.",MedDRA:10063395:Dural Tear,Nervous System,Procedural Complications,New,Term added for Release Number 2024. See no. 22 of Change Log,E21|E0144,,
,Vitreous Detachment,,2445,C50807,E081906,Detachment of the vitreous humor from the retina.,MedDRA:10047650:Vitreous detachment,Eye,Procedural Complications,,,E21|E081906,,
,Rectal Anastomotic Leakage,,4482,C78583,E1026,Leakage due to breakdown of a rectal anastomosis.,MedDRA:10065894:Rectal anastomotic leak,Gastrointestinal System,Procedural Complications,Retired,Term retired for Release Number 2024. Use E2108 - Failure to Anastomose. See no. 81 of Change Log,E21|E1026,,
,Bone Notching,,4890,C206536,E1646,An indentation made at the edge of the bone without bone breakage.,MedDRA:10057328:Bone Injury,Musculoskeletal System,Procedural Complications,New,Term added for Release Number 2024. See no. 76 of Change Log,E21|E1646,,
,Foreign Body In Patient,,2687,C34620,E2008,An occurrence where any object including device or fragments is left unintentionally in the body.,MedDRA:10070245:Foreign body,Injury,Procedural Complications,,,E21|E2008,,
,,Device Embedded In Tissue or Plaque,3165,C62946,E200801,Device and/or fragments of device are embedded in patient's tissue and/or plaque.,MedDRA:10074498:Embedded device,Injury,Procedural Complications,,,E21|E2008|E200801,,
,Adhesion(s),,1695,C54685,E2101,A fibrous band of tissue that connects normally separate body regions.,MedDRA:10059837:Adhesion,Procedural Complications,Generalized Disorders,,,E21|E2101,,
,Awareness during Anaesthesia,,1707,C51220,E2102,A state of consciousness that permits the formation of explicit and implicit memories while under general anesthesia.,MedDRA:10054330:Awareness during anesthesia,,,,,E21|E2102,,
,Device Overstimulation of Tissue,,1991,C50683,E2103,A level of stimulation that is greater than the intended level.,MedDRA:10068141:Device overstimulation of tissue ,,,,Editorial change on 27 January 2022 to the MedDRA mapping to correct the MedDRA code.,E21|E2103,,
,Electric Shock,,2554,C50541,E2104,"A shock caused by a brief, unintentional exposure to an electric current from a device.",MedDRA:10014357:Electric shock,Procedural Complications,Injury,,,E21|E2104,,
,,Shock from Patient Lead(s),3162,C61392,E210401,Unintended electric shock from patient leads. This includes an electric shock to a healthcare professional or a patient receiving a shock to an incorrect area of their body.,MedDRA:10075322:Device inappropriate shock delivery,Procedural Complications,Injury,,,E21|E2104|E210401,,
,Exposure to Body Fluids,,1745,C50505,E2105,Exposed to or contacted with blood or body fluids of another person.,MedDRA:10068528:Exposure to device contaminated with body fluid,Procedural Complications,Injury,,,E21|E2105,,
,External Prosthetic Device Pain,,4560,C171975,E2106,Pain that is associated with an external artificial replacement device.,MedDRA:10059057:Medical device pain,Procedural Complications,Generalized Disorders,,"Definition was modified on 21 January 2021 to correct a typo in ""artificial"" (Old definition: Pain that is associated with an external ariticial replacement device.)",E21|E2106,,
,Failure of Implant,,1924,C50603,E2107,Malfunction of a medical implant.,MedDRA:10016153:Failure of implant,,,,,E21|E2107,,
,Failure to Anastomose,,1028,C50417,E2108,Failure of a surgically-induced connection between tubular structures in the body. Includes Anastomotic Leakage,MedDRA:10016164:Failure to anastomose,,,Modified (technical),Definition modified for Release Number 2024. See no. 81 of Change Log,E21|E2108,,
,Implant Pain,,4561,C171991,E2109,Pain localized to the site of the implanted device.,MedDRA:10063782:Implant site pain,Procedural Complications,Generalized Disorders,,,E21|E2109,,
,Inadequate Pain Relief,,2388,C50605,E2110,Continuing discomfort due to a lack or failure of a medical approach to treat pain.,MedDRA:10079788:Inadequate pain relief,Procedural Complications,Generalized Disorders,,,E21|E2110,,
,Injection Site Reaction,,4562,C3508,E2111,An intense reaction (usually immunologic) developing at the site of injection,MedDRA:10022095:Injection site reaction,,,,,E21|E2111,,
,Intraoperative Pain,,2662,C50619,E2112,Pain occurring during a surgical operation.,MedDRA:10064882:Procedural pain,Procedural Complications,Generalized Disorders,,,E21|E2112,,
,Oversedation,,1990,C50850,E2113,A level of sedation that is greater than the intended level.,MedDRA:10033305:Oversedation,,,,,E21|E2113,,
,Perforation,,2001,C4080,E2114,A hole or opening made through a membrane or other tissue or material.,MedDRA:10076705:Perforation,,,,,E21|E2114,,
,,Perforation of Vessels,2135,C50804,E0511,Damage to a blood vessel resulting from a full thickness disruption in the integrity of the vessel wall.,MedDRA:10068149:Vessel perforation,Vascular System,Procedural Complications,,,E21|E2114|E0511,,
,,Great Vessel Perforation,2152,C52352,E051101,"Damage to the venae cavae, pulmonary artery, pulmonary veins or aorta resulting from a full thickness disruption in the integrity of the vessel wall.",MedDRA:10080896:Perforation of great vessels,Vascular System,Procedural Complications,,,E21|E2114|E051101,,
,,Cardiac Perforation,2513,C73502,E0604,The presence of an acquired hole in the heart.,MedDRA:10058039:Cardiac perforation,Heart,Procedural Complications,,,E21|E2114|E0604,,
,,Mitral Perforation,2512,C50653,E0614,A rupture in the mitral valve tissue due to traumatic or pathologic processes.,MedDRA:10068138:Mitral perforation,Heart,Procedural Complications,,,E21|E2114|E0614,,
,,Sinus Perforation,2277,C50741,E0745,A rupture in the sinus tissue due to traumatic or pathologic processes.,MedDRA:10040748:Sinus perforation,Respiratory System,Procedural Complications,,,E21|E2114|E0745,,
,,Corneal Perforation,1792,C50692,E0811,A rupture in the corneal tissue due to traumatic or pathologic processes.,MedDRA:10011039:Corneal perforation,Eye,Procedural Complications,,,E21|E2114|E0811,,
,,Bowel Perforation,2668,C39611,E1006,A rupture in the wall of the small or large intestine due to traumatic or pathologic processes.,MedDRA:10006056:Bowel perforation,Gastrointestinal System,Procedural Complications,,,E21|E2114|E1006,,
,,Perforation of Esophagus,2399,C50693,E1022,The presence of a hole or other type of opening in the esophageal wall through which the contents of the esophagus can pass into the mediastinum.,MedDRA:10034419:Perforation of esophagus,Gastrointestinal System,Procedural Complications,,,E21|E2114|E1022,,
,,Fallopian Tube Perforation,4506,C78294,E1406,A rupture in the fallopian tube due to traumatic or pathologic processes.,MedDRA:10065790:Fallopian tube perforation,Reproductive System and Breast,Procedural Complications,,,E21|E2114|E1406,,
,,Uterine Perforation,2121,C50793,E1415,A rupture in the uterus due to traumatic or pathologic processes.,MedDRA:10046810:Uterine perforation,Reproductive System and Breast,Procedural Complications,,,E21|E2114|E1415,,
,,Internal Organ Perforation,1987,C50679,E211401,A rupture in the organ(s) due to traumatic or pathologic processes.,MedDRA:10080922:Perforation of organ,,,,,E21|E2114|E211401,,
,Post Operative Wound Infection,,2446,C50704,E2115,Infection of a surgical skin incision.,MedDRA:10036410:Postoperative wound infection,Procedural Complications,Infections,,,E21|E2115,,
,Radiation Sickness Syndrome,,2256,C50723,E2116,"The complex of symptoms characterizing the disease known as radiation injury, resulting from excessive exposure of the whole body (or large part) to ionizing radiation.",MedDRA:10068142:Radiation sickness syndrome,Procedural Complications,Injury,,,E21|E2116,,
,Twiddlers Syndrome,,4563,C50784,E2117,"Dislodgement, breakdown, or other malfunction of an artificial cardiac pacemaker, chemotherapy port, drip infusion valve, or similar implanted diagnostic or therapeutic device as a result of unconscious or habitual manipulation by the patient.",MedDRA:10045184:Twiddler's syndrome,,,,,E21|E2117,,
,Unintended Extubation,,4564,C172077,E2118,"The removal of a previously inserted tube from a hollow organ or passageway, often from the airway.",MedDRA:10066823:Unintended endotracheal extubation,,,,,E21|E2118,,
,Unintended Radiation Exposure,,4565,C61401,E2119,"The unintentional exposure to radiation of a person, or a part of a persons body. This might include exposure of a healthcare professional, or the exposure of the wrong part of the body of a patient who was intended to receive therapeutic or diagnostic radiation. This includes both ionizing and non ionizing radiation.",MedDRA:10063155:Radiation exposure,,,,Editorial change to the definition on 16 February 2021.,E21|E2119,,
,Bone Cement Implantation Syndrome,,4583,C177438,E2120,"A rare and potentially fatal perioperative complication of cemented bone surgery, characterised by hypotension, hypoxia, cardiac dysrhythmias, and in severe cases cardiac arrest.",MedDRA:10085596:Bone cement implantation syndrome,,,,"Term was added on 21 January 2021. For details, refer to comment No. 33 of the Change Log.",E21|E2120,,
,Endoleaks,,4843,C187282,E2121,Persistent blood flow/pressure in the aneurysm sac following an endovascular aneurysm repair (EVAR) procedure.,MedDRA:10063824:Endoleak,Procedural Complications,Vascular System,,"Term was added on 27 January 2022. For details, see comment No. 181 / 207 of the Change Log (Release Number 2022).",E21|E2121,,
,Sinusitis,,4844,C35024,E2122,"Inflammation (swelling and redness) of the paranasal sinuses, associated or related to implantation procedures or devices.",MedDRA:10040753:Sinusitis,Procedural Complications,Infections,,"Term was added on 27 January 2022. For details, see comment No. 240 of the Change Log (Release Number 2022).",E21|E2122,,
,Medical device site infection,,4845,C78255,E2123,Infection local to an implanted or invasive medical device.,MedDRA:10075580:Medical device site infection,Procedural Complications,Infections,Modified (technical),"Term was added on 27 January 2022. For details, see comment No. 122 of the Change Log (Release Number 2022).
Term and Definition and MedDRA map modified for Release Number 2024. Previous term was Peri-prosthetic Joint Infection. Previous MedDRA map was 10076118:Medical device site joint infection. See no. 10 of Change Log.",E21|E2123,,
,Unintended Loss of Vascular Access,,4867,C193446,E2124,The accidental removal of a previously inserted line from a blood vessel.,MedDRA:10070944:Vascular access failure,,,,"Term was added on 31 January 2023. For details, see comment No. 97 of the Change Log (Release Number 2023).",E21|E2124,,
,Complex regional pain syndrome,,4899,C206547,E2125,"Condition where a person experiences persistent severe and debilitating pain, involving an extremity or other body region, hyperesthesia, and localized autonomic dysfunction following injury to soft tissue or nerve",MedDRA:10064332:Complex regional pain syndrome,Procedural Complications,Nervous System,New,Term added for Release Number 2024. See no. 56 of Change Log,E21|E2125,,
,Loss of fracture reduction,,4901,C206538,E2126,Loss of anatomical alignment after fracture reduction.,MedDRA:10069723:Loss of anatomical alignment after fracture reduction,Procedural Complications,Musculoskeletal System,New,Term added for Release Number 2024. See no. 65 of Change Log,E21|E2126,,
,Periprosthetic fracture,,4902,C206548,E2127,Fractures around joint replacement prosthetics or implants. These can occur intraoperatively or postoperatively.,MedDRA:10069135:Periprosthetic fracture,Procedural Complications,Musculoskeletal System,New,Term added for Release Number 2024. See no. 67 of Change Log,E21|E2127,,
,Implant site sclerosis,,4903,C206567,E2128,Pathological process consisting of hardening/thickening of tissue or structures.,MedDRA:10063876:Implant site sclerosis,,,New,Term added for Release Number 2024. See no. 94 of Change Log,E21|E2128,,
,Peritoneal effluent abnormal,,4904,C206542,E2129,A change in the appearance or other characteristics of peritoneal dialysis effluent (e.g. cloudy or discolored).,MedDRA:10069638:Peritoneal effluent abnormal,,,New,Term added for Release Number 2024. See no. 99 of Change Log,E21|E2129,,
,Graft failure,,4905,C75570,E2130,Failure of a transplanted graft. ,MedDRA:10069030:Graft failure,,,New,Term added for Release Number 2024. See no. 104 of Change Log,E21|E2130,,
,Physical Asymmetry,,4573,C172019,E2332,Lack or absence of balanced proportions between parts or organs of the body.,,Generalized Disorders,Procedural Complications,,,E21|E2332,,
,Wound Dehiscence,,1154,C50863,E2340,A complication in which the wound splits or separates after being surgically closed.,MedDRA:10048031:Wound dehiscence,Generalized Disorders,Procedural Complications,,,E21|E2340,,
,Pigment Dispersion Syndrome,,4805,C187288,E0847,"Condition where iris pigment is released into the anterior chamber and deposited in the trabecular meshwork, due to a procedure or device implantation.",MedDRA:10052134:Pigment dispersion syndrome,Eye,Procedural Complications,,"Term was added on 27 January 2022. For details, see comment No. 127 of the Change Log (Release Number 2022).",E21|E0847,,
,Corneal Endothelial Cell Loss,,4806,C187360,E0848,Decrease in corneal endothelial cell density.,MedDRA:10071681:Corneal endothelial cell loss,Eye,Procedural Complications,,"Term was added on 27 January 2022. For details, see comment No. 129 of the Change Log (Release Number 2022).",E21|E0848,,
,Posterior Capsule Opacification,,4807,C187361,E0849,Remnant lens epithelial cell proliferation and migration to the posterior capsule.,MedDRA:10036346:Posterior capsule opacification,Eye,Procedural Complications,,"Term was added on 27 January 2022. For details, see comment No. 131 of the Change Log (Release Number 2022).",E21|E0849,,
,Biliary Leak,,4820,C187364,E1108,Sudden unexpected leakage of bile from the liver or soft tissue.,MedDRA:10057586:Post procedural bile leak,Hepatic and Biliary System,Procedural Complications,,"Term was added on 27 January 2022. For details, see comment No. 5 of the Change Log (Release Number 2022).",E21|E1108,,
,Cholangitis,,4821,C26718,E1109,Inflammation of the bile duct.,MedDRA:10008604:Cholangitis,Hepatic and Biliary System,Procedural Complications,,"Term was added on 27 January 2022. For details, see comment No. 6 of the Change Log (Release Number 2022).",E21|E1109,,
,Intraoperative Cardiac Valve Injury,,4852,C193390,E0624,An intraoperative event that causes abnormal valve function; this is usually a tear in the leaflet or the chordae tendinae.,MedDRA:10088741:Intraoperative cardiac valve injury,Heart,Procedural Complications,,"Term was added on 31 January 2023. For details, see comment No. 80/ 114 of the Change Log (Release Number 2023).",E21|E0624,,
Investigations and Diagnostic Tests,,,,,E22,Investigations and Diagnostic Tests,,,,Not selectable,Please use more detailed term within the hierarchy,E22,,
,High Pulmonary Arterial Wedge Pressure,,2480,C50585,E0507,"The measurement of the mean left atrial pressure, as measured by a catheter introduced into the distal pulmonary artery, is high.",MedDRA:10037328:Pulmonary arterial wedge pressure high,Vascular System,Investigations and Diagnostic Tests,,,E22|E0507,,
,Low Pulmonary Arterial Wedge Pressure,,2479,C50642,E0508,"The measurement of the mean left atrial pressure, as measured by a catheter introduced into the distal pulmonary artery, is low.",MedDRA:10037330:Pulmonary arterial wedge pressure low,Vascular System,Investigations and Diagnostic Tests,,"Definition was modified on 21 January 2021 (Old definition: The measurement of the mean left pulmonary atrial pressure, as measured by a catheter introduced into the distal pulmonary artery, is low.). For details, see comment No. 3 of the Change Log.",E22|E0508,,
,Cardiac Enzyme Elevation,,1838,C50480,E0603,Increase from the normal levels of cardiac enzymes.,MedDRA:10007548:Cardiac enzymes increased,Heart,Investigations and Diagnostic Tests,,,E22|E0603,,
,Decreased Peak Expiratory Flow rate,,2435,C50525,E0713,"Decrease in the maximum flow rate generated during a forceful exhalation, starting from full lung inflation.",MedDRA:10034195:Peak expiratory flow rate decreased,Respiratory System,Investigations and Diagnostic Tests,,,E22|E0713,,
,Increased Peak Expiratory Flow rate,,2436,C50610,E0714,An increase of the greatest rate of flow that can be achieved during forced expiration beginning with the lungs fully inflated.,MedDRA:10034196:Peak expiratory flow rate increased,Respiratory System,Investigations and Diagnostic Tests,,,E22|E0714,,
,Decreased Respiratory Rate,,2485,C50474,E0715,Abnormal decrease of rate of breathing.,MedDRA:10038710:Respiratory rate decreased,Respiratory System,Investigations and Diagnostic Tests,,,E22|E0715,,
,Increased Respiratory Rate,,2486,C50767,E0716,Abnormal increase of rate of breathing.,MedDRA:10038712:Respiratory rate increased,Respiratory System,Investigations and Diagnostic Tests,,,E22|E0716,,
,Forced Expiratory Volume Decreased,,2430,C50524,E0719,A decrease in the fraction of the forced vital capacity that is exhaled in a specific number of seconds.,MedDRA:10016987:Forced expiratory volume decreased,Respiratory System,Investigations and Diagnostic Tests,,,E22|E0719,,
,Forced Expiratory Volume Increased,,2431,C50609,E0720,An increase in the fraction of the forced vital capacity that is exhaled in a specific number of seconds.,MedDRA:10016989:Forced expiratory volume increased,Respiratory System,Investigations and Diagnostic Tests,,,E22|E0720,,
,Hyperglycemia,,1905,C26797,E1205,Abnormally high level of glucose in the blood.,MedDRA:10020639:Hyperglycemia,"Endocrine, Metabolism and Nutrition",Investigations and Diagnostic Tests,,,E22|E1205,,
,,Elevated ketones/ Diabetic Ketoacidosis,2364,C50530,E120501,"Elevated ketones, including metabolic acidosis produced by accumulation of ketone bodies resulting from uncontrolled diabetes mellitus.",MedDRA:10057594:Blood ketone body increased,,,,"Editorial change on 31 January 2023 to align E120501 term. (Old term: Diabetic Ketoacidosis). MedDRA mapping is updated from Diabetic ketoacidosis (10012671) to Blood ketone body increased (10057594). For details, see comment No. 85 / 86 of the Change Log (Release Number 2023).",E22|E1205|E120501,,
,Hypoglycemia,,1912,C3126,E1206,Abnormally low level of glucose in the blood.,MedDRA:10021005:Hypoglycemia,"Endocrine, Metabolism and Nutrition",Investigations and Diagnostic Tests,,,E22|E1206,,
,Hormonal Imbalance,,4495,C92809,E1209,An imbalance of one or more hormones in the body,MedDRA:10020381:Hormonal imbalance,"Endocrine, Metabolism and Nutrition",Investigations and Diagnostic Tests,,Editorial change on 27 January 2022 to the MedDRA mapping to include the MedDRA term.,E22|E1209,,
,Cervical Changes,,1773,C50488,E1404,"Changes such as abnormal, pathological, benign, malignant, etc.",MedDRA:10008351:Cervix disorder,Reproductive System and Breast,Investigations and Diagnostic Tests,,,E22|E1404,,
,Low Apgar Score,,1718,C50416,E1510,Any Apgar score less than seven. This may be the initial or a subsequent apgar score.,MedDRA:10002944:Apgar score low,"Pregnancy, Childbirth and the Puerperium",Investigations and Diagnostic Tests,,,E22|E1510,,
,Abnormal Blood Gases,,1034,C50447,E2201,Abnormal Blood Gas Measurements.,MedDRA:10005539:Blood gases abnormal,,,,,E22|E2201,,
,High Oxygen Saturation,,2478,C50584,E2202,A high level of the degree to which oxygen is bound to hemoglobin given as a percentage calculated by dividing the maximum oxygen capacity into the actual oxygen content and multiplying by 100. Oxygen saturation usually is measured using pulse oximetry.,MedDRA:10033319:Oxygen saturation high,Investigations and Diagnostic Tests,Respiratory System,,,E22|E2202,,
,Low Oxygen Saturation,,2477,C50640,E2203,A low level of the degree to which oxygen is bound to hemoglobin given as a percentage calculated by dividing the maximum oxygen capacity into the actual oxygen content and multiplying by 100. Oxygen saturation usually is measured using pulse oximetry.,MedDRA:10033321:Oxygen saturation low,Investigations and Diagnostic Tests,Respiratory System,,,E22|E2203,,
,Lactate Dehydrogenase Increased,,4567,C161592,E2204,A laboratory test result indicating an increase in the lactate dehydrogenase concentration of a biological sample.,MedDRA:10023654:Lactate dehydrogenase increased,,,,,E22|E2204,,
,Bacteremia,,4846,C102993,E2205,"Condition that relates to the presence of viable bacteria in the bloodstream, whether associated with active disease or not.",MedDRA:10003999:Bacteremia,Investigations and Diagnostic Tests,Infections,,"Term was added on 27 January 2022. For details, see comment No. 49 of the Change Log (Release Number 2022).",E22|E2205,,
,High metal ion levels,,4847,C187380,E2206,"High blood or serum levels of ions which are attributed to one or more medical devices used, such as but not limited to Co, Cr, Ti, Ni, Mo. ",MedDRA:10086050:Heavy metal increased,,,,"Term was added on 27 January 2022. For details, see comment No. 114 / 154 / 204 of the Change Log (Release Number 2022).",E22|E2206,,
,Radiolucent Lines,,4848,C187381,E2207,Radiolucencies observed on x-ray.,,,,,"Term was added on 27 January 2022. For details, see comment No. 123 of the Change Log (Release Number 2022).",E22|E2207,,
Generalized Disorders,,,,,E23,Generalized Disorders,,,,Not selectable,Please use more detailed term within the hierarchy,E23,,
,Anaphylactoid / Anaphylaxis,,2218,C193466,E040202,"Acute immune response that occurs from exposure to an allergen. For conditions which have progressed to systemic shock, use E040201 - Anaphylactic Shock.",MedDRA:10002218:Anaphylaxis,Immune System,Generalized Disorders,,"Definition was modified on 31 January 2023 (Old definition: Resembling anaphylaxis.). MedDRA mapping also updated from Anaphylactoid reaction (10002216) to Anaphylaxis (10002218). For details, see comment No. 85 of the Change Log (Release Number 2023).",E23|E040202,,
,Phosphene Visualization,,2164,C50697,E083802,An objective visual sensation that appears with the eyes closed and in the absence of visual light.,MedDRA:10034936:Phosphenes,Eye,Generalized Disorders,,,E23|E083802,,
,Burning Sensation,,2146,C50476,E1705,"A sensation of stinging or heat, not necessarily accompanied by redness or physical signs of irritation.",MedDRA:10006784:Burning sensation,Skin and Subcutaneous Tissue,Generalized Disorders,,,E23|E1705,,
,,Skin Burning Sensation,4540,C35297,E170501,"A sensation of dermal stinging or heat, not necessarily accompanied by redness or physical signs of skin irritation.",MedDRA:10054786:Skin burning sensation,Skin and Subcutaneous Tissue,Generalized  Disorders,,,E23|E1705|E170501,,
,Impaired Healing,,2378,C50601,E1707,Improper repair of any body tissue due to factors affecting one or more of the phases of wound healing. Includes impaired healing of any body tissue.,MedDRA:10021519:Impaired healing,Generalized  Disorders,,Modified (technical),Term moved and Definition modified for Release Number 2024. See no. 84 of Change Log. Please be aware that the code does not represent the current hierarchy.,E23|E1707,,
,Alteration in Body Temperature,,4568,C7941,E2301,A Change or alteration of Body Temperature to a temperature outside the range of normal body temperature.,MedDRA:10063488:Body temperature fluctuation,,,,,E23|E2301,,
,,Fever,1858,C3038,E230101,Elevation of body temperature above normal due to the bodies own responses.,MedDRA:10016558:Fever,,,,,E23|E2301|E230101,,
,,Hyperthermia,1909,C50589,E230102,An abnormally high body temperature. Not fever.,MedDRA:10020843:Hyperthermia,,,,,E23|E2301|E230102,,
,,Hypothermia,1915,C50523,E230103,Abnormally low body temperature.,MedDRA:10021113:Hypothermia,,,,,E23|E2301|E230103,,
,Ambulation or Postural Difficulties,,2544,C193465,E2302,"Any persistent problem with walking, gait or maintaining posture (sitting, standing).",MedDRA:10047810:Walking difficulty,Generalized Disorders,Musculoskeletal System,,"Term/Definition was modified on 31 January 2023 (Old term/definition: Ambulation Difficulties: Any persistent problem with walking or gait.) For details, see comment No. 98 of the Change Log (Release Number 2023).",E23|E2302,,
,Capsular Contracture,,1761,C50478,E2303,The tightening of scar tissue that forms around the implant.,MedDRA:10080895:Capsular contracture associated with implant,,,,,E23|E2303,,
,Chills,,2191,C35143,E2304,Shivering or moderate tremors of the body often accompanied by a cold sensation.,MedDRA:10008531:Chills,,,,,E23|E2304,,
,Cyanosis,,1798,C26737,E2305,A bluish or purplish discoloration of the skin and mucous membranes resulting from a reduced amount of oxygenated hemoglobin in the blood.,MedDRA:10011703:Cyanosis,,,,,E23|E2305,,
,Decreased Appetite,,4569,C2875,E2306,Lack of desire for food.,MedDRA:10061428:Decreased appetite,Generalized Disorders,"Endocrine, Metabolism and Nutrition",,,E23|E2306,,
,Increased Appetite,,4570,C113451,E2307,Intense desire for food.,MedDRA:10021654:Increased appetite,Generalized Disorders,"Endocrine, Metabolism and Nutrition",,,E23|E2307,,
,Deformity/ Disfigurement,,2360,C50536,E2308,"An alteration of appearance, shape, size or alignment.",MedDRA:10061619:Deformity,,,,,E23|E2308,,
,Deposits,,1809,C9442,E2309,Accumulation of extraneous inorganic matter in tissues or cavities.,MedDRA:10070692:Device deposit issue,,,,,E23|E2309,,
,,Calcium Deposits/Calcification,1758,C3672,E230901,Deposition of calcium salt in the tissues.,MedDRA:10006958:Calcium deposits,,,,,E23|E2309|E230901,,
,Diaphoresis,,2452,C50403,E2310,Profuse sweating.,MedDRA:10012703:Diaphoresis,,,,,E23|E2310,,
,Discomfort,,2330,C50535,E2311,"A feeling of mental or physical uneasiness, pain, or distress.",MedDRA:10013082:Discomfort,,,,,E23|E2311,,
,Fatigue,,1849,C3036,E2312,A state of generalized weakness with a pronounced inability to summon sufficient energy to accomplish daily activities.,MedDRA:10016256:Fatigue,,,,,E23|E2312,,
,,Extreme Exhaustion,1843,C50556,E231201,Extreme fatigue; the inability to respond to stimuli.,MedDRA:10015667:Exhaustion,,,,Editorial change to the definition on 16 February 2021.,E23|E2312|E231201,,
,Fibrosis,,3167,C3044,E2313,The formation of fibrous tissue.,MedDRA:10016642:Fibrosis,,,,,E23|E2313,,
,,Adhesion(s),1695,C54685,E2101,A fibrous band of tissue that connects normally separate body regions.,MedDRA:10059837:Adhesion,Procedural Complications,Generalized Disorders,,,E23|E2313|E2101,,
,Fistula,,1862,C3045,E2314,Abnormal epithelial-lined communication between two anatomical structures.,MedDRA:10016717:Fistula,Generalized Disorders,Musculoskeletal System,,,E23|E2314,,
,Fluid Discharge,,2686,C34548,E2315,"Flow or leakage of fluid other than blood, from an orifice, wound or tissue.",MedDRA:10080911:Fluid discharge,,,,,E23|E2315,,
,,Purulent Discharge,1812,C50717,E231501,A flow or draining of pus or exudate from an orifice or wound.,MedDRA:10037569:Purulent discharge,,,,Editorial change to the definition on 16 February 2021.,E23|E2315|E231501,,
,Foreign Body Reaction,,1868,C50444,E2316,An inflammatory reaction evoked by the presence of an exogenous material in the tissues.,MedDRA:10068159:Foreign body reaction,,,,,E23|E2316,,
,Granuloma,,1876,C3064,E2317,"An inflammatory reaction usually caused by infectious organisms, foreign bodies, or cholesterol deposits. It is characterized by the presence of epithelioid histiocytes and chronic inflammation.",MedDRA:10018691:Granuloma,Generalized Disorders,Skin and Subcutaneous Tissue,,,E23|E2317,,
,Hair Loss,,1877,C50575,E2318,Loss of hair usually from the scalp that may result in bald spots or spread to the entire scalp or epidermis.,MedDRA:10019045:Hair loss,,,,,E23|E2318,,
,Hernia,,2240,C34685,E2319,The protrusion of part of an organ or fibroadipose tissue through an opening or weakened area.,MedDRA:10019909:Hernia,,,,,E23|E2319,,
,High Blood Pressure/ Hypertension,,1908,C3117,E2320,Blood pressure that is abnormally high.,MedDRA:10020772:Hypertension,,,,,E23|E2320,,
,Low Blood Pressure/ Hypotension,,1914,C3128,E2321,Blood pressure that is abnormally low.,MedDRA:10021097:Hypotension,,,,,E23|E2321,,
,Hyperemia,,1904,C50588,E2322,The presence of an increased amount of blood in a part or organ; engorgement or bloodshot,MedDRA:10020619:Hyperemia,,,,"Definition was modified on 31 January 2023 to add ""bloodshot"". For details, see comment No. 132 of the Change Log (Release Number 2023).",E23|E2322,,
,Hyperplasia,,1906,C3113,E2323,An abnormal increase in the number of cells in an organ or a tissue with consequent enlargement.,MedDRA:10020718:Hyperplasia,,,,,E23|E2323,,
,Incontinence,,1928,C3429,E2324,Involuntary passage of feces and/or urine from the body.,MedDRA:10021639:Incontinence,,,,,E23|E2324,,
,,Fecal Incontinence,4571,C78498,E232401,Inability to control voluntary passage of feces from the body.,MedDRA:10016296:Fecal incontinence,Generalized Disorders,Gastrointestinal System,Modified (editorial),"Editorial change to add Gastrointestinal System as Secondary Category. For details, see comment No. 99 of the Change Log (Release Number 2023).
Code hierarchy adjusted for secondary category to prevent primary parent term appearing in three places. Release No. 2024",E23|E2324|E232401,,
,,Urinary Incontinence,4572,C78497,E232402,Inability to control voluntary passage of urine from the body.,MedDRA:10046543:Urinary incontinence,Generalized Disorders,Kidney and Urinary Tract,Modified (editorial),"Editorial change to add Kidney and Urinary Tract as Secondary Category. For details, see comment No. 100 of the Change Log (Release Number 2023). Amended in Version 1 on 23 February 2023.
Code hierarchy adjusted for secondary category to prevent primary parent term appearing in three places. Release No. 2024",E23|E2324|E232402,,
,Infiltration into Tissue,,1931,C25754,E2325,Permeation of foreign substances into tissues or cells.,MedDRA:10080901:Tissue infiltration,,,,,E23|E2325,,
,Inflammation,,1932,C3137,E2326,"A localized physical condition in which part of the body becomes reddened, swollen, or hot and often painful.",MedDRA:10061218:Inflammation,,,,,E23|E2326,,
,Necrosis,,1971,C16897,E2327,The pathologic death of cells or of a portion of tissue or organ resulting from irreversible damage.,MedDRA:10028851:Necrosis,,,,,E23|E2327,,
,Obstruction/Occlusion,,2422,C3284,E2328,Blockage or closing of the normal flow of the contents of an anatomical passageway.,MedDRA:10061876:Obstruction,,,,,E23|E2328,,
,Organ Dehiscence,,2502,C50527,E2329,A splitting open or rupture of an internal organ with the exposure or discharge of its content.,MedDRA:10080904:Dehiscence,,,,,E23|E2329,,
,Pain,,1994,C3303,E2330,An unpleasant sensory and emotional experience that is associated with actual or potential tissue damage or described in such terms.,MedDRA:10033371:Pain,,,,,E23|E2330,,
,,Headache,1880,C34661,E0116,"Pain in various parts of the head, not confined to the area of distribution of any nerve.",MedDRA:10019211:Headache,Nervous System,Generalized Disorders,,,E23|E2330|E0116,,
,,Eye Pain,4467,C78287,E0820,Painful sensation in the eye.,MedDRA:10015958:Eye pain,Eye,Generalized Disorders,,,E23|E2330|E0820,,
,,Ear Pain,4812,C37944,E0907,Earache or ear pain.,MedDRA:10014020:Ear pain,Ear and Labyrinth,Generalized Disorders,,"Term was added on 27 January 2022. For details, see comment No. 234 / 235 of the Change Log (Release Number 2022).",E23|E2330|E0907,,
,,Abdominal Pain,1685,C26682,E1002,Painful sensation in the abdominal region.,MedDRA:10000081:Abdominal pain,Gastrointestinal System,Generalized Disorders,,,E23|E2330|E1002,,
,,Myalgia,2238,C27009,E1622,Pain sensation originating from a muscle or group of muscles.,MedDRA:10028411:Myalgia,Musculoskeletal System,Generalized Disorders,,,E23|E2330|E1622,,
,,Neck Pain,2433,C50663,E1623,Pain in the neck area.,MedDRA:10028836:Neck pain,Musculoskeletal System,Generalized Disorders,,,E23|E2330|E1623,,
,,Back pain,4895,C41830,E1651,Pain in any part of the back.,MedDRA:10003988:Back pain,Musculoskeletal System,Generalized Disorders,New,Term added for Release Number 2024. See no. 107 of Change Log,E23|E2330|E1651,,
,,External Prosthetic Device Pain,4560,C171975,E2106,Pain that is associated with an external artificial replacement device.,MedDRA:10059057:Medical device pain,Procedural Complications,Generalized Disorders,,"Definition was modified on 21 January 2021 to correct a typo in ""artificial"" (Old definition: Pain that is associated with an external ariticial replacement device.)",E23|E2330|E2106,,
,,Implant Pain,4561,C171991,E2109,Pain localized to the site of the implanted device.,MedDRA:10063782:Implant site pain,Procedural Complications,Generalized Disorders,,,E23|E2330|E2109,,
,,Inadequate Pain Relief,2388,C50605,E2110,Continuing discomfort due to a lack or failure of a medical approach to treat pain.,MedDRA:10079788:Inadequate pain relief,Procedural Complications,Generalized Disorders,,,E23|E2330|E2110,,
,,Intraoperative Pain,2662,C50619,E2112,Pain occurring during a surgical operation.,MedDRA:10064882:Procedural pain,Procedural Complications,Generalized Disorders,,,E23|E2330|E2112,,
,,Chest Pain,1776,C38665,E233001,Pain in the chest.,MedDRA:10008479:Chest pain,,,,,E23|E2330|E233001,,
,Pallor,,2468,C50685,E2331,"Unhealthy, pale or white appearance of the face.",MedDRA:10033546:Pallor,,,,,E23|E2331,,
,Physical Asymmetry,,4573,C172019,E2332,Lack or absence of balanced proportions between parts or organs of the body.,,Generalized Disorders,Procedural Complications,,,E23|E2332,,
,Prolapse,,2475,C36173,E2333,A condition in which an organ or body tissue drops or bulges out of place.,MedDRA:10076708:Prolapse,,,,,E23|E2333,,
,Ptosis,,2620,C27298,E2334,The drooping or downward displacement of a body part.,MedDRA:10037272:Ptosis,,,,,E23|E2334,,
,Reaction to Medicinal Component of Device,,4574,C172024,E2335,Any local or systemic adverse reaction to the medicinal component of a combination product.,MedDRA:10067484:Adverse reaction,,,,,E23|E2335,,
,Shock,,2072,C35016,E2336,A life-threatening condition that requires immediate medical intervention. It is characterized by reduced blood flow that may result in damage of multiple organs.,MedDRA:10040560:Shock,,,,Editorial change to the definition on 16 February 2021.,E23|E2336,,
,,Anaphylactic Shock,1703,C50460,E040201,"Progression of anaphylaxis into systemic shock, which is characterized by significant reduction in tissue perfusion which leads to hypoxia and hypotension, and can lead to death if untreated.",MedDRA:10002199:Anaphylactic shock,Immune System,Generalized Disorders,,,E23|E2336|E040201,,
,,Cardiogenic Shock,2262,C50482,E233601,"Shock resulting from primary failure of the heart in its pumping function, as in myocardial infarction, severe cardiomyopathy, or mechanical obstruction or compression of the heart.",MedDRA:10007625:Cardiogenic shock,,,,,E23|E2336|E233601,,
,,Hypoglycemic Shock,4575,C50615,E233602,"A hypoglycemic reaction to overdosage of insulin, a skipped meal, or strenuous exercise in an insulin-dependent diabetic.",MedDRA:10060493:Hypoglycemic shock,,,,,E23|E2336|E233602,,
,,Hypovolemic Shock,1917,C50596,E233603,"Shock resulting from insufficient blood volume for the maintenance of adequate cardiac output, blood pressure and tissue perfusion.",MedDRA:10021140:Hypovolemic shock,,,,,E23|E2336|E233603,,
,,Neurogenic Shock,2265,C50671,E233604,"Shock resulting from neurogenic vasodilation, which can be produced by cerebral trauma or hemorrhage, spinal cord injury, deep general or spinal anesthesia, or toxic central nervous system depression.",MedDRA:10058119:Neurogenic shock,,,,,E23|E2336|E233604,,
,,Septic Shock,2068,C35018,E233605,A state of acute circulatory failure resulting from organ injury or damage in response to infection that results in dangerously low blood pressure.,MedDRA:10040070:Septic shock,,,,,E23|E2336|E233605,,
,Stenosis,,2263,C50754,E2337,"Narrowing or stricture of a vessel, duct or canal.",MedDRA:10076711:Stenosis,Generalized Disorders,Vascular System,Modified (editorial),"Secondary category was added on 27 January 2022. For details, see comment No. 234 / 235 of the Change Log (Release Number 2022). Error in CodeHierarchy corrected for Release No. 2024",E23|E2337,,
,,Restenosis,4576,C172029,E233701,The reoccurrence of stenosis after it has been treated.,MedDRA:10082493:Restenosis,,,,,E23|E2337|E233701,,
,Swelling/ Edema,,4577,C3002,E2338,Enlargement or expansion in size of a body part from injury or inflammation.,MedDRA:10014210:Edema,,,,,E23|E2338,,
,,Cerebral Edema,4403,C4909,E0103,A swelling in the brain caused by the presence of excessive fluid.,MedDRA:10008107:Cerebral edema,Nervous System,Generalized Disorders,,,E23|E2338|E0103,,
,,Pulmonary Edema,2020,C26868,E0736,Accumulation of fluid in the lung tissues causing disturbance of the gas exchange that may lead to respiratory failure.,MedDRA:10037375:Pulmonary edema,Respiratory System,Generalized Disorders,,,E23|E2338|E0736,,
,,Corneal Edema,1791,C50508,E0807,"Hazy, swollen cornea.",MedDRA:10011007:Corneal edema,Eye,Generalized Disorders,,,E23|E2338|E0807,,
,,Corneal Stromal Edema,1824,C50859,E080701,Fluid from the aqueous humor enters the corneal stroma and causes swelling.,MedDRA:10054772:Corneal stromal edema,Eye,Generalized Disorders,,,E23|E2338|E080701,,
,,Microcystic Edema,1823,C50901,E080702,Corneal edema of inflammatory origin associated with contact lens wear and morphologically characterized by presence of epithelial microcysts.,MedDRA:10068529:Corneal microcystic edema,Eye,Generalized Disorders,,,E23|E2338|E080702,,
,,Macular Edema,1822,C35468,E0830,"Accumulation of intraretinal fluid and protein in the macula, which may result in swelling and decreased central vision.",MedDRA:10054467:Macular edema,Eye,Generalized Disorders,,,E23|E2338|E0830,,
,,Angioedema,4536,C112175,E1702,Rapid swelling of the deep layers of the skin due to transient vascular leakage of serous fluid.,MedDRA:10002424:Angioedema,Skin and Subcutaneous Tissue,Generalized Disorders,,,E23|E2338|E1702,,
,,Peripheral Edema,4578,C78262,E233801,accumulation of fluid in tissues perfused by the peripheral vascular system.,MedDRA:10034570:Peripheral edema,,,,,E23|E2338|E233801,,
,,Joint effusion,4849,C49052,E233802,An abnormal collection of fluid in hollow spaces or between tissues of the joints.,MedDRA:10023215:Joint effusion,,,,"Term was added on 27 January 2022. For details, see comment No. 115 of the Change Log (Release Number 2022).",E23|E2338|E233802,,
,Ulcer,,2274,C3426,E2339,An open sore on an external or internal surface of the body caused by a break in the skin or mucous membrane that fails to heal.,MedDRA:10045285:Ulcer,,,,,E23|E2339,,
,Wound Dehiscence,,1154,C50863,E2340,A complication in which the wound splits or separates after being surgically closed.,MedDRA:10048031:Wound dehiscence,Generalized Disorders,Procedural Complications,,,E23|E2340,,
,Double Capsule,,4579,C171967,E2341,The presence of two distinct capsular layers around an implant with an intercapsular space,,Generalized Disorders,Reproductive System and Breast,,"Term was added on 18 March 2020 as an additional level 2 term for ""Generalized Disorders"".",E23|E2341,,
,Multiple Organ Dysfunction Syndrome,,3261,C75568,E2342,Complete impairment of two or more organs or organ systems. Also known as multiple organ failure.,MedDRA:10077361:Multiple organ dysfunction syndrome,,,,"Term was added on 21 January 2021. For details, refer to comment No. 34 of the Change Log.",E23|E2342,,
,Hemodynamic instability,,4868,C99536,E2343,Abnormal or unstable blood pressure,MedDRA:10058270:Hemodynamic instability,,,,"Term was added on 31 January 2023. For details, see comment No. 101 of the Change Log (Release Number 2023).",E23|E2343,,
,Voice alteration,,4906,C61043,E2344,"Changes in the pitch or quality of the voice, which may sound weak, scratchy, raspy, or otherwise out of the ordinary.",MedDRA:10047681:Voice alteration,,,New,Term added for Release Number 2024. See no. 3 of Change Log,E23|E2344,,
,Heat illness,,4907,C206556,E2345,"A set of symptoms brought on by exposure to heat that can include confusion, hot dry skin, seizures, elevated body temperature, altered mental status, etc.  Includes heat stroke and heat exhaustion.",MedDRA:10068188:Heat illness,,,New,Term added for Release Number 2024. See no. 4 of Change Log,E23|E2345,,
,"Hypertrophy

",,4908,C3124,E2346,An increase in organ size via increase in cell size rather than cell number,MedDRA:10020880:Hypertrophy,,,New,Term added for Release Number 2024. See no. 11 of Change Log,E23|E2346,,
,Breath odor,,4909,C206554,E2347,"Unusual breath odor (e.g., halitosis, fruity/sweet breath)",MedDRA:10006325:Breath odor,,,New,Term added for Release Number 2024. See no. 16 of Change Log,E23|E2347,,
,Abnormal mucus discharge,,4910,C206535,E2348,"Any deviation from the normal quantity, consistency, and/or color of mucus produced by the mucous membranes.",MedDRA:10073765:Mucus discharge,,,New,Term added for Release Number 2024. See no. 20 of Change Log,E23|E2348,,
,"Withdrawal Syndrome
",,4911,C35046,E2349,"The substance-specific organic brain syndrome that follows the discontinuation of, or reduction in, administration or intake of an addictive substance.",MedDRA:10048010:Withdrawal syndrome,,,New,Term added for Release Number 2024. See no. 24 of Change Log,E23|E2349,,
,Tissue Irritation,,4912,C206559,E2350,"Irritation of body tissue(s), other than skin.
For skin irritation use E1720 - Skin Inflammation/Irritation",MedDRA:10075582:Medical device site irritation,,,New,Term added for Release Number 2024. See no. 89 of Change Log,E23|E2350,,
,Atrophy,,4913,C79748,E2351,"Decrease in size of a body part, cell, organ, or other tissue. 
For muscular atrophy use E1621 - Muscle Weakness/Atrophy",MedDRA:10003694:Atrophy,,,New,Term added for Release Number 2024. See no. 93 of Change Log,E23|E2351,,
,Pelvic Pain,,4865,C40122,E1420,Pain in the pelvic area,MedDRA:10034263:Pelvic pain,Reproductive System and Breast,Generalized Disorders,,"Term was added on 31 January 2023. For details, see comment No. 93 of the Change Log (Release Number 2023).",E23|E1420,,
Others,,,,,E24,Others,,,,Not selectable,Please use more detailed term within the hierarchy,E24,,
,Insufficient Information,,4580,C172137,E2401,"It is not clear whether any health effects occurred, or health effect appears to have occurred but there is not yet enough information available to classify the clinical signs, symptoms and conditions.",,,,,"Definition was modified on 31 January 2023 (Old definition: Health effect appears to have occurred but there is not yet enough information available to classify the clinical signs, symptoms and conditions.). For details, see comment No. 102 of the Change Log (Release Number 2023).",E24|E2401,,
,Appropriate Term / Code Not Available,,4581,C172078,E2402,"The clinical signs, symptoms and conditions are not adequately described by any other term. Note: this code must not be used unless there is no other feasible code. The preferred term should be documented when submitting an adverse event report. This information will be used to determine if a new term should be added to the code table.",,,,,,E24|E2402,,
,"No Clinical Signs, Symptoms or Conditions",,4582,C106101,E2403,"No patient involvement or, no observable clinical symptoms or a change in symptoms is identified in the patient.",,,,,,E24|E2403,,